"１対１","ノーマル","5","♂","tanpan_01","たんぱんこぞう","ケンタ","0","6","","","0","6","","","","","","","","","","","","","","","","","","","",,,,,,,,,,,,,,,,,,,,,,,,,,,,,,,,,,,"ミネズミ","ミネズミ",,,,
"１対１","ノーマル","5","♀","mini_01","ミニスカート","ミカ","0","6","","","0","6","","","","","","","","","","","","","","","","","","","",,,,,,,,,,,,,,,,,,,,,,,,,,,,,,,,,,,"チョロネコ","チョロネコ",,,,
"１対１","ノーマル","5","♂","schoolb_01","じゅくがえり","シンジ","10","12","","","10","12","","","","","","","","","","","","","","","","","","","",,,,,,,,,,,,,,,,,,,,,,,,,,,,,,,,,,,"マメパト","シママ",,,,
"１対１","ノーマル","5","♀","schoolg_01","じゅくがえり","ヒロコ","10","12","","","10","12","","","","","","","","","","","","","","","","","","","",,,,,,,,,,,,,,,,,,,,,,,,,,,,,,,,,,,"コロモリ","チュリネ",,,,
"１対１","ノーマル","5","♀","tennis_01","テニスプレイヤー","エレナ","0","10","","","0","10","","","","","","","","","","","","","","","","","","","",,,,,,,,,,,,,,,,,,,,,,,,,,,,,,,,,,,"ミネズミ","ミネズミ",,,,
"１対１","ノーマル","5","♂","football_01","フットボーラー","ダン","0","10","","","0","10","","","","","","","","","","","","","","","","","","","",,,,,,,,,,,,,,,,,,,,,,,,,,,,,,,,,,,"ミネズミ","ミネズミ",,,,
"１対１","ノーマル","5","♂","tanpan_02","たんぱんこぞう","ゴロウ","0","8","","","0","8","","","","","","","","","","","","","","","","","","","",,,,,,,,,,,,,,,,,,,,,,,,,,,,,,,,,,,"ミネズミ","ミネズミ",,,,
"１対１","ノーマル","5","♀","mini_02","ミニスカート","エリ","0","8","","","0","8","","","","","","","","","","","","","","","","","","","",,,,,,,,,,,,,,,,,,,,,,,,,,,,,,,,,,,"パピー","チョロネコ",,,,
"１対１","ノーマル","5","♂","waiter_01","ウエーター","マサシ","20","10","","","20","10","","","","","","","","","","","","","","","","","","","",,,,,,,,,,,,,,,,,,,,,,,,,,,,,,,,,,,"ミネズミ","パピー",,,,
"１対１","ノーマル","5","♀","waitress_01","ウエートレス","エリコ","20","12","","","20","10","","","","","","","","","","","","","","","","","","","",,,,,,,,,,,,,,,,,,,,,,,,,,,,,,,,,,,"ミネズミ","パピー",,,,
"１対１","ノーマル","5","♂","leader1a_01","ジムリーダー","ポッド","40","12","","","40","14","","","","","","","","","","","","","","","","","","","",,,,,,,,,,,,,,,,,,,,,,,,,,,,,,,,,,,"パピー","スチック",,,,
"１対１","ノーマル","5","♂","leader1c_01","ジムリーダー","デント","40","12","","","40","14","","","","","","","","","","","","","","","","","","","",,,,,,,,,,,,,,,,,,,,,,,,,,,,,,,,,,,"パピー","ブロッコ",,,,
"１対１","ノーマル","5","♂","leader1b_01","ジムリーダー","コーン","40","12","","","40","14","","","","","","","","","","","","","","","","","","","",,,,,,,,,,,,,,,,,,,,,,,,,,,,,,,,,,,"パピー","ファウン",,,,
"１対１","ノーマル","5","♀","childcare_01","ほいくし","ナナコ","30","10","","","30","10","","","","","","","","","","","","","","","","","","","",,,,,,,,,,,,,,,,,,,,,,,,,,,,,,,,,,,"ムンナ","ムンナ",,,,
"１対１","ノーマル","5","♀","kindergartenw_01","ようちえん","マツリ","0","9","","","0","9","","","","","","","","","","","","","","","","","","","",,,,,,,,,,,,,,,,,,,,,,,,,,,,,,,,,,,"ミネズミ","スチック",,,,
"１対１","ノーマル","5","♂","kindergartenm_01","ようちえん","ウシオ","0","9","","","0","9","","","","","","","","","","","","","","","","","","","",,,,,,,,,,,,,,,,,,,,,,,,,,,,,,,,,,,"ミネズミ","ファウン",,,,
"１対１","ノーマル","5","♂","kindergartenm_02","ようちえん","ミノル","0","9","","","0","9","","","","","","","","","","","","","","","","","","","",,,,,,,,,,,,,,,,,,,,,,,,,,,,,,,,,,,"ミネズミ","ブロッコ",,,,
"２対２","ノーマル","5","♀","futago_01","ふたごちゃん","クミとルミ","0","11","","","0","11","","","","","","","","","","","","","","","","","","","",,,,,,,,,,,,,,,,,,,,,,,,,,,,,,,,,,,"チョロネコ","チョロネコ",,,,
"１対１","ノーマル","5","♂","breederm_01","ポケモンブリーダー","オサム","50","11","","","50","11","","","","","","","","","","","","","","","","","","","",,,,,,,,,,,,,,,,,,,,,,,,,,,,,,,,,,,"ミネズミ","ミネズミ",,,,
"１対１","ノーマル","5","♀","breederw_01","ポケモンブリーダー","イクエ","50","11","","","50","11","","","","","","","","","","","","","","","","","","","",,,,,,,,,,,,,,,,,,,,,,,,,,,,,,,,,,,"チョロネコ","チョロネコ",,,,
"１対１","ノーマル","5","♀","leader2_01","ジムリーダー","アロエ","40","18","","","40","20","","","","","","","","","","","","","","","","","","","",,,,,,,,,,,,,,,,,,,,,,,,,,,,,,,,,,,"パブロー","ミルホッグ",,,,
"１対１","ノーマル","5","♂","leader3_01","ジムリーダー","アーティ","80","22","","","80","24","","","","","","","","","","","","","","","","","","","",,,,,,,,,,,,,,,,,,,,,,,,,,,,,,,,,,,"ムカンデ","ハハコモリ",,,,
"１対１","ノーマル","5","♀","leader4_01","ジムリーダー","カミツレ","80","25","","","80","25","","","80","27","","","","","","","","","","","","","","","",,,,,,,,,,,,,,,,,,,,,,,,,,,,,,,,,,,"トビッチュ","ゼブライカ","ゼブライカ",,,
"１対１","ノーマル","5","♂","leader5_01","ジムリーダー","ヤーコン","120","29","","","120","29","","","120","31","","","","","","","","","","","","","","","",,,,,,,,,,,,,,,,,,,,,,,,,,,,,,,,,,,"モグリュー","モグリュー","ワルビアル",,,
"１対１","ノーマル","5","♀","leader6_01","ジムリーダー","フウロ","120","33","","","120","33","","","120","35","","","","","","","","","","","","","","","",,,,,,,,,,,,,,,,,,,,,,,,,,,,,,,,,,,"ココロモリ","ケンホロウ","ケンホロウ",,,
"１対１","ノーマル","5","♂","rangerm_01","ポケモンレンジャー","モリト","30","18","","","30","18","","","","","","","","","","","","","","","","","","","",,,,,,,,,,,,,,,,,,,,,,,,,,,,,,,,,,,"ミルホッグ","ファウン",,,,
"１対１","ノーマル","5","♀","rangerw_01","ポケモンレンジャー","ミハル","30","18","","","30","18","","","","","","","","","","","","","","","","","","","",,,,,,,,,,,,,,,,,,,,,,,,,,,,,,,,,,,"ミルホッグ","スチック",,,,
"１対１","ノーマル","5","♂","rangerm_02","ポケモンレンジャー","マモル","30","18","","","30","18","","","","","","","","","","","","","","","","","","","",,,,,,,,,,,,,,,,,,,,,,,,,,,,,,,,,,,"ミルホッグ","シママ",,,,
"１対１","ノーマル","5","♀","rangerw_02","ポケモンレンジャー","コノハ","30","18","","","30","18","","","","","","","","","","","","","","","","","","","",,,,,,,,,,,,,,,,,,,,,,,,,,,,,,,,,,,"ミルホッグ","ブロッコ",,,,
"１対１","ノーマル","5","♂","schoolb_02","じゅくがえり","マナブ","10","16","","","10","16","","","","","","","","","","","","","","","","","","","",,,,,,,,,,,,,,,,,,,,,,,,,,,,,,,,,,,"パピー","コロモリ",,,,
"１対１","ノーマル","5","♀","schoolg_02","じゅくがえり","エミコ","10","16","","","10","16","","","","","","","","","","","","","","","","","","","",,,,,,,,,,,,,,,,,,,,,,,,,,,,,,,,,,,"チョロネコ","コロモリ",,,,
"２対２","ノーマル","5","♀","futago_02","ふたごちゃん","ミキとマキ","0","17","","","0","17","","","","","","","","","","","","","","","","","","","",,,,,,,,,,,,,,,,,,,,,,,,,,,,,,,,,,,"クルミル","クルミル",,,,
"１対１","ノーマル","5","♂","tanpan_03","たんぱんこぞう","ヒロヤ","0","16","","","0","16","","","","","","","","","","","","","","","","","","","",,,,,,,,,,,,,,,,,,,,,,,,,,,,,,,,,,,"ムカッテ","メグロコ",,,,
"１対１","ノーマル","5","♀","mini_03","ミニスカート","カナ","0","16","","","0","16","","","","","","","","","","","","","","","","","","","",,,,,,,,,,,,,,,,,,,,,,,,,,,,,,,,,,,"チュリネ","チュリネ",,,,
"１対１","ノーマル","5","♂","worker2_01","さぎょういん","ミツオ","0","18","","","0","18","","","","","","","","","","","","","","","","","","","",,,,,,,,,,,,,,,,,,,,,,,,,,,,,,,,,,,"モグリュー","モグリュー",,,,
"１対１","ノーマル","5","♂","worker2_02","さぎょういん","テツゾウ","0","18","","","0","18","","","","","","","","","","","","","","","","","","","",,,,,,,,,,,,,,,,,,,,,,,,,,,,,,,,,,,"ガンセキ","ガンセキ",,,,
"１対１","ノーマル","5","♂","worker2_03","さぎょういん","カンタ","0","18","","","0","18","","","","","","","","","","","","","","","","","","","",,,,,,,,,,,,,,,,,,,,,,,,,,,,,,,,,,,"ヒダルマ","ヒダルマ",,,,
"１対１","ノーマル","5","♂","worker2_04","さぎょういん","イワオ","0","32","","","0","32","","","","","","","","","","","","","","","","","","","",,,,,,,,,,,,,,,,,,,,,,,,,,,,,,,,,,,"モグリュー","ガンクツ",,,,
"１対１","ノーマル","5","♂","backpackerm_01","バックパッカー","ヒロム","0","18","","","0","18","","","","","","","","","","","","","","","","","","","",,,,,,,,,,,,,,,,,,,,,,,,,,,,,,,,,,,"シママ","シママ",,,,
"１対１","ノーマル","5","♀","backpackerw_01","バックパッカー","アユミ","0","18","","","0","18","","","","","","","","","","","","","","","","","","","",,,,,,,,,,,,,,,,,,,,,,,,,,,,,,,,,,,"チラーミィ","チラーミィ",,,,
"１対１","ノーマル","5","♂","fishing_01","つりびと","ハルオ","0","18","","","0","18","","","","","","","","","","","","","","","","","","","",,,,,,,,,,,,,,,,,,,,,,,,,,,,,,,,,,,"オニバス","オニバス",,,,
"１対１","ノーマル","5","♂","fishing_02","つりびと","チョウジ","0","18","","","0","18","","","","","","","","","","","","","","","","","","","",,,,,,,,,,,,,,,,,,,,,,,,,,,,,,,,,,,"オニバス","オニバス",,,,
"１対１","ノーマル","5","♀","tennis_02","テニスプレイヤー","アンナ","0","10","","","0","10","","","","","","","","","","","","","","","","","","","",,,,,,,,,,,,,,,,,,,,,,,,,,,,,,,,,,,"ミネズミ","ミネズミ",,,,
"１対１","ノーマル","5","♂","backpackerm_02","バックパッカー","ミチオ","0","22","","","0","22","","","","","","","","","","","","","","","","","","","",,,,,,,,,,,,,,,,,,,,,,,,,,,,,,,,,,,"パブロー","ハトーボー",,,,
"１対１","ノーマル","5","♀","backpackerw_02","バックパッカー","チヒロ","0","22","","","0","22","","","","","","","","","","","","","","","","","","","",,,,,,,,,,,,,,,,,,,,,,,,,,,,,,,,,,,"クルマユ","モンメン",,,,
"１対１","ノーマル","5","♂","musician_01","ミュージシャン","ジョージ","0","22","","","0","22","","","","","","","","","","","","","","","","","","","",,,,,,,,,,,,,,,,,,,,,,,,,,,,,,,,,,,"シママ","シママ",,,,
"１対１","ノーマル","5","♂","dancer_01","ダンサー","マイク","0","22","","","0","22","","","","","","","","","","","","","","","","","","","",,,,,,,,,,,,,,,,,,,,,,,,,,,,,,,,,,,"ヒダルマ","ヒダルマ",,,,
"１対１","ノーマル","5","♂","juggling_01","クラウン","ポール","0","22","","","0","22","","","","","","","","","","","","","","","","","","","",,,,,,,,,,,,,,,,,,,,,,,,,,,,,,,,,,,"ユニラン","ユニラン",,,,
"１対１","ノーマル","5","♂","artist_01","げいじゅつか","ジョナサン","0","21","","","0","21","","","0","21","","","","","","","","","","","","","","","",,,,,,,,,,,,,,,,,,,,,,,,,,,,,,,,,,,"ブロッコ","ファウン","スチック",,,
"１対１","ノーマル","5","♀","baker_01","ベーカリー","ショウコ","0","22","","","0","22","","","","","","","","","","","","","","","","","","","",,,,,,,,,,,,,,,,,,,,,,,,,,,,,,,,,,,"スチック","スチック",,,,
"１対１","ノーマル","5","♂","espm_01","サイキッカー","サイト","30","23","","","30","23","","","","","","","","","","","","","","","","","","","",,,,,,,,,,,,,,,,,,,,,,,,,,,,,,,,,,,"ナスカドリ","ナスカドリ",,,,
"１対１","ノーマル","5","♀","espw_01","サイキッカー","イノリ","30","23","","","30","23","","","","","","","","","","","","","","","","","","","",,,,,,,,,,,,,,,,,,,,,,,,,,,,,,,,,,,"ムンナ","ムンナ",,,,
"１対１","技","5","♂","rival_01","ポケモントレーナー","ブラッカー","0","5","","","","","","","","","","","","","","","","","","","","","","","",,,,,,,,,,,"たいあたり","なきごえ",,,,,,,,,,,,,,,,,,,,,,,"ホットン",,,,,
"１対１","技","5","♂","rival_02","ポケモントレーナー","ブラッカー","0","5","","","","","","","","","","","","","","","","","","","","","","","",,,,,,,,,,,"たいあたり","しっぽをふる",,,,,,,,,,,,,,,,,,,,,,,"スイッコ",,,,,
"１対１","技","5","♂","rival_03","ポケモントレーナー","ブラッカー","0","5","","","","","","","","","","","","","","","","","","","","","","","",,,,,,,,,,,"たいあたり","にらみつける",,,,,,,,,,,,,,,,,,,,,,,"クサヘビ",,,,,
"１対１","ノーマル","5","♂","rival_04","ポケモントレーナー","ブラッカー","30","14","","","30","12","","","","","","","","","","","","","","","","","","","",,,,,,,,,,,,,,,,,,,,,,,,,,,,,,,,,,,"ホットン","マメパト",,,,
"１対１","ノーマル","5","♂","rival_05","ポケモントレーナー","ブラッカー","30","14","","","30","12","","","","","","","","","","","","","","","","","","","",,,,,,,,,,,,,,,,,,,,,,,,,,,,,,,,,,,"スイッコ","マメパト",,,,
"１対１","ノーマル","5","♂","rival_06","ポケモントレーナー","ブラッカー","30","14","","","30","12","","","","","","","","","","","","","","","","","","","",,,,,,,,,,,,,,,,,,,,,,,,,,,,,,,,,,,"クサヘビ","マメパト",,,,
"１対１","技","5","♀","support_01","ポケモントレーナー","ホワイティ","0","5","","","","","","","","","","","","","","","","","","","","","","","",,,,,,,,,,,"たいあたり","しっぽをふる",,,,,,,,,,,,,,,,,,,,,,,"スイッコ",,,,,
"１対１","技","5","♀","support_02","ポケモントレーナー","ホワイティ","0","5","","","","","","","","","","","","","","","","","","","","","","","",,,,,,,,,,,"たいあたり","にらみつける",,,,,,,,,,,,,,,,,,,,,,,"クサヘビ",,,,,
"１対１","技","5","♀","support_03","ポケモントレーナー","ホワイティ","0","5","","","","","","","","","","","","","","","","","","","","","","","",,,,,,,,,,,"たいあたり","なきごえ",,,,,,,,,,,,,,,,,,,,,,,"ホットン",,,,,
"１対１","ノーマル","5","♂","hakaim1_01","プラズマだん","したっぱ","0","12","","","0","12","","","","","","","","","","","","","","","","","","","",,,,,,,,,,,,,,,,,,,,,,,,,,,,,,,,,,,"ミネズミ","ミネズミ",,,,
"１対１","ノーマル","5","♂","hakaim1_02","プラズマだん","したっぱ","0","12","","","0","12","","","","","","","","","","","","","","","","","","","",,,,,,,,,,,,,,,,,,,,,,,,,,,,,,,,,,,"ミネズミ","ミネズミ",,,,
"１対１","ノーマル","5","♂","boss_01","ポケモントレーナー","Ｎ","40","7","","","","","","","","","","","","","","","","","","","","","","","",,,,,,,,,,,,,,,,,,,,,,,,,,,,,,,,,,,"チョロネコ",,,,,
"１対１","ノーマル","5","♂","boss_02","ポケモントレーナー","Ｎ","80","18","","","80","16","","","","","","","","","","","","","","","","","","","",,,,,,,,,,,,,,,,,,,,,,,,,,,,,,,,,,,"チョロネコ","ムンナ",,,,
"１対１","ノーマル","5","♂","prince_01","おぼっちゃま","ヨシヒコ","20","23","","","20","23","","","","","","","","","","","","","","","","","","","",,,,,,,,,,,,,,,,,,,,,,,,,,,,,,,,,,,"シママ","シママ",,,,
"１対１","ノーマル","5","♂","prince_02","おぼっちゃま","カオル","20","23","","","20","23","","","","","","","","","","","","","","","","","","","",,,,,,,,,,,,,,,,,,,,,,,,,,,,,,,,,,,"シママ","シママ",,,,
"１対１","ノーマル","5","♀","princess_01","おじょうさま","キミコ","20","23","","","20","23","","","","","","","","","","","","","","","","","","","",,,,,,,,,,,,,,,,,,,,,,,,,,,,,,,,,,,"トビッチュ","トビッチュ",,,,
"１対１","ノーマル","5","♀","princess_02","おじょうさま","サヤカ","20","23","","","20","23","","","","","","","","","","","","","","","","","","","",,,,,,,,,,,,,,,,,,,,,,,,,,,,,,,,,,,"トビッチュ","トビッチュ",,,,
"１対１","ノーマル","5","♂","pilot_01","パイロット","クウヤ","20","32","","","20","32","","","","","","","","","","","","","","","","","","","",,,,,,,,,,,,,,,,,,,,,,,,,,,,,,,,,,,"ナスカドリ","ナスカドリ",,,,
"１対１","ノーマル","5","♂","pilot_02","パイロット","ソウシ","20","32","","","20","32","","","","","","","","","","","","","","","","","","","",,,,,,,,,,,,,,,,,,,,,,,,,,,,,,,,,,,"ハトーボー","ハトーボー",,,,
"１対１","ノーマル","5","♂","worker1_01","さぎょういん","カツジ","0","24","","","0","24","","","","","","","","","","","","","","","","","","","",,,,,,,,,,,,,,,,,,,,,,,,,,,,,,,,,,,"シロベア","シロベア",,,,
"１対１","ノーマル","5","♂","worker1_02","さぎょういん","ゲンタ","0","24","","","0","24","","","","","","","","","","","","","","","","","","","",,,,,,,,,,,,,,,,,,,,,,,,,,,,,,,,,,,"シロベア","チェストー",,,,
"１対１","ノーマル","5","♂","worker1_03","さぎょういん","エイサク","0","24","","","0","24","","","","","","","","","","","","","","","","","","","",,,,,,,,,,,,,,,,,,,,,,,,,,,,,,,,,,,"シロベア","セイヤー",,,,
"１対１","ノーマル","5","♂","worker1_04","さぎょういん","ノリオ","0","24","","","0","24","","","","","","","","","","","","","","","","","","","",,,,,,,,,,,,,,,,,,,,,,,,,,,,,,,,,,,"シロベア","シロベア",,,,
"１対１","ノーマル","5","♂","worker1_05","さぎょういん","ジンパチ","20","24","","","20","24","","","","","","","","","","","","","","","","","","","",,,,,,,,,,,,,,,,,,,,,,,,,,,,,,,,,,,"シロベア","シロベア",,,,
"１対１","ノーマル","5","♂","worker1_06","さぎょういん","キヨマサ","20","24","","","0","24","","","","","","","","","","","","","","","","","","","",,,,,,,,,,,,,,,,,,,,,,,,,,,,,,,,,,,"シロベア","ミルホッグ",,,,
"１対１","ノーマル","5","♂","worker1_07","さぎょういん","シゲノリ","0","10","","","0","10","","","","","","","","","","","","","","","","","","","",,,,,,,,,,,,,,,,,,,,,,,,,,,,,,,,,,,"ミネズミ","ミネズミ",,,,
"１対１","ノーマル","5","♂","worker1_08","さぎょういん","トクジ","0","10","","","0","10","","","","","","","","","","","","","","","","","","","",,,,,,,,,,,,,,,,,,,,,,,,,,,,,,,,,,,"ミネズミ","ミネズミ",,,,
"１対１","ノーマル","5","♂","hakaim1_03","プラズマだん","したっぱ","0","16","","","0","16","","","","","","","","","","","","","","","","","","","",,,,,,,,,,,,,,,,,,,,,,,,,,,,,,,,,,,"ミネズミ","ミネズミ",,,,
"１対１","ノーマル","5","♂","hakaim1_04","プラズマだん","したっぱ","0","24","","","0","24","","","","","","","","","","","","","","","","","","","",,,,,,,,,,,,,,,,,,,,,,,,,,,,,,,,,,,"ヤブクロン","ミルホッグ",,,,
"１対１","ノーマル","5","♂","basket_01","バスケせんしゅ","ボビー","0","10","","","0","10","","","","","","","","","","","","","","","","","","","",,,,,,,,,,,,,,,,,,,,,,,,,,,,,,,,,,,"ミネズミ","ミネズミ",,,,
"１対１","ノーマル","5","♂","basket_02","バスケせんしゅ","ジョン","0","10","","","0","10","","","","","","","","","","","","","","","","","","","",,,,,,,,,,,,,,,,,,,,,,,,,,,,,,,,,,,"ミネズミ","ミネズミ",,,,
"１対１","ノーマル","5","♂","schoolb_03","じゅくがえり","ツトム","10","12","","","10","12","","","","","","","","","","","","","","","","","","","",,,,,,,,,,,,,,,,,,,,,,,,,,,,,,,,,,,"ムカッテ","ガンセキ",,,,
"１対１","ノーマル","5","♂","tanpan_04","たんぱんこぞう","カズキ","0","6","","","0","6","","","","","","","","","","","","","","","","","","","",,,,,,,,,,,,,,,,,,,,,,,,,,,,,,,,,,,"パピー","パピー",,,,
"１対１","ノーマル","5","♂","schoolb_04","じゅくがえり","フミオ","20","16","","","20","16","","","","","","","","","","","","","","","","","","","",,,,,,,,,,,,,,,,,,,,,,,,,,,,,,,,,,,"マメパト","パピー",,,,
"１対１","ノーマル","5","♀","schoolg_03","じゅくがえり","チエコ","20","16","","","20","16","","","","","","","","","","","","","","","","","","","",,,,,,,,,,,,,,,,,,,,,,,,,,,,,,,,,,,"ミネズミ","パピー",,,,
"１対１","ノーマル","5","♀","scientistw_01","けんきゅういん","サトミ","20","16","","","20","16","","","","","","","","","","","","","","","","","","","",,,,,,,,,,,,,,,,,,,,,,,,,,,,,,,,,,,"ミネズミ","マメパト",,,,
"１対１","ノーマル","5","♂","boss_03","ポケモントレーナー","Ｎ","120","25","","","120","23","","","120","23","","","","","","","","","","","","","","","",,,,,,,,,,,,,,,,,,,,,,,,,,,,,,,,,,,"レパルダス","ムンナ","シロベア",,,
"１対１","ノーマル","5","♂","rival_07","ポケモントレーナー","ブラッカー","30","25","","","30","25","","","30","27","","","","","","","","","","","","","","","",,,,,,,,,,,,,,,,,,,,,,,,,,,,,,,,,,,"ハトーボー","ムンナ","ヒートン",,,
"１対１","ノーマル","5","♂","rival_08","ポケモントレーナー","ブラッカー","30","25","","","30","25","","","30","25","","","","","","","","","","","","","","","",,,,,,,,,,,,,,,,,,,,,,,,,,,,,,,,,,,"ハトーボー","ムンナ","ミズッコ",,,
"１対１","ノーマル","5","♂","rival_09","ポケモントレーナー","ブラッカー","30","25","","","30","25","","","30","27","","","","","","","","","","","","","","","",,,,,,,,,,,,,,,,,,,,,,,,,,,,,,,,,,,"ハトーボー","ムンナ","クサネーク",,,
"１対１","ノーマル","5","♀","ol_01","ＯＬ","ノリコ","0","18","","","0","18","","","","","","","","","","","","","","","","","","","",,,,,,,,,,,,,,,,,,,,,,,,,,,,,,,,,,,"チュリネ","チュリネ",,,,
"１対１","ノーマル","5","♀","ol_02","ＯＬ","カヨコ","0","18","","","0","18","","","","","","","","","","","","","","","","","","","",,,,,,,,,,,,,,,,,,,,,,,,,,,,,,,,,,,"パピー","パピー",,,,
"１対１","ノーマル","5","♀","ol_03","ＯＬ","ミナコ","0","28","","","0","28","","","","","","","","","","","","","","","","","","","",,,,,,,,,,,,,,,,,,,,,,,,,,,,,,,,,,,"メグロコ","メグロコ",,,,
"１対１","ノーマル","5","♀","ol_04","ＯＬ","？？？","0","10","","","","","","","","","","","","","","","","","","","","","","","",,,,,,,,,,,,,,,,,,,,,,,,,,,,,,,,,,,"ミネズミ",,,,,
"１対１","ノーマル","5","♂","waiter_02","ウエーター","マサヤ","0","36","","","0","36","","","","","","","","","","","","","","","","","","","",,,,,,,,,,,,,,,,,,,,,,,,,,,,,,,,,,,"ハトーボー","ランプラー",,,,
"１対１","ノーマル","5","♀","waitress_02","ウエートレス","マリコ","0","36","","","0","36","","","","","","","","","","","","","","","","","","","",,,,,,,,,,,,,,,,,,,,,,,,,,,,,,,,,,,"チラーミィ","ドレディア",,,,
"１対１","ノーマル","5","♀","elitew_01","エリートトレーナー","エリカ","0","40","","","0","40","","","","","","","","","","","","","","","","","","","",,,,,,,,,,,,,,,,,,,,,,,,,,,,,,,,,,,"ランプラー","デンチュラ",,,,
"１対１","ノーマル","5","♀","elitew_02","エリートトレーナー","マリナ","0","30","","","0","30","","","","","","","","","","","","","","","","","","","",,,,,,,,,,,,,,,,,,,,,,,,,,,,,,,,,,,"チラーミィ","ハトーボー",,,,
"１対１","ノーマル","5","♀","elitew_03","エリートトレーナー","リョウ","0","30","","","0","30","","","","","","","","","","","","","","","","","","","",,,,,,,,,,,,,,,,,,,,,,,,,,,,,,,,,,,"モンメン","ファウント",,,,
"１対１","ノーマル","5","♀","elitew_04","エリートトレーナー","ヒトミ","0","36","","","0","36","","","","","","","","","","","","","","","","","","","",,,,,,,,,,,,,,,,,,,,,,,,,,,,,,,,,,,"ギアル","ブロッコル",,,,
"１対１","ノーマル","5","♂","elitem_01","エリートトレーナー","ジン","0","40","","","0","40","","","","","","","","","","","","","","","","","","","",,,,,,,,,,,,,,,,,,,,,,,,,,,,,,,,,,,"カブリオン","カチュード",,,,
"１対１","ノーマル","5","♂","elitem_02","エリートトレーナー","タクヤ","0","30","","","0","30","","","","","","","","","","","","","","","","","","","",,,,,,,,,,,,,,,,,,,,,,,,,,,,,,,,,,,"ヤドリ","ブロッコル",,,,
"１対１","ノーマル","5","♂","elitem_03","エリートトレーナー","ユウキ","0","30","","","0","30","","","","","","","","","","","","","","","","","","","",,,,,,,,,,,,,,,,,,,,,,,,,,,,,,,,,,,"ハッチェ","スチームル",,,,
"１対１","ノーマル","5","♂","elitem_04","エリートトレーナー","シュウ","0","36","","","0","36","","","","","","","","","","","","","","","","","","","",,,,,,,,,,,,,,,,,,,,,,,,,,,,,,,,,,,"シーバー","スチームル",,,,
"１対１","ノーマル","5","♀","princess_03","おじょうさま","ヒナコ","0","36","","","0","36","","","","","","","","","","","","","","","","","","","",,,,,,,,,,,,,,,,,,,,,,,,,,,,,,,,,,,"モンメン","エルフーン",,,,
"１対１","ノーマル","5","♂","prince_03","おぼっちゃま","ヒデキ","0","36","","","0","36","","","","","","","","","","","","","","","","","","","",,,,,,,,,,,,,,,,,,,,,,,,,,,,,,,,,,,"パブロー","パブドッグ",,,,
"１対１","ノーマル","5","♂","karate_01","カラテおう","ツヨシ","0","39","","","0","39","","","","","","","","","","","","","","","","","","","",,,,,,,,,,,,,,,,,,,,,,,,,,,,,,,,,,,"スンドメー","チェストー",,,,
"１対１","ノーマル","5","♂","karate_02","カラテおう","テッペイ","0","33","","","0","33","","","","","","","","","","","","","","","","","","","",,,,,,,,,,,,,,,,,,,,,,,,,,,,,,,,,,,"セイヤー","チェストー",,,,
"１対１","ノーマル","5","♂","karate_03","カラテおう","タクマ","0","15","","","0","15","","","","","","","","","","","","","","","","","","","",,,,,,,,,,,,,,,,,,,,,,,,,,,,,,,,,,,"チェストー","チェストー",,,,
"１対１","ノーマル","5","♂","scientistm_01","けんきゅういん","シュウイチ","0","26","","","0","26","","","","","","","","","","","","","","","","","","","",,,,,,,,,,,,,,,,,,,,,,,,,,,,,,,,,,,"バンビーナ","コロモリ",,,,
"１対１","ノーマル","5","♂","scientistm_02","けんきゅういん","ユウジ","0","18","","","0","18","","","","","","","","","","","","","","","","","","","",,,,,,,,,,,,,,,,,,,,,,,,,,,,,,,,,,,"コロモリ","コロモリ",,,,
"１対１","ノーマル","5","♂","scientistm_03","けんきゅういん","マサヨシ","0","18","","","0","18","","","","","","","","","","","","","","","","","","","",,,,,,,,,,,,,,,,,,,,,,,,,,,,,,,,,,,"マメパト","ガンセキ",,,,
"１対１","ノーマル","5","♂","scientistm_04","けんきゅういん","ガクジ","0","28","","","0","28","","","","","","","","","","","","","","","","","","","",,,,,,,,,,,,,,,,,,,,,,,,,,,,,,,,,,,"ゴスロ","ギアル",,,,
"１対１","ノーマル","5","♀","scientistw_02","けんきゅういん","ミチエ","0","18","","","0","18","","","","","","","","","","","","","","","","","","","",,,,,,,,,,,,,,,,,,,,,,,,,,,,,,,,,,,"チョロネコ","チョロネコ",,,,
"１対１","ノーマル","5","♀","scientistw_03","けんきゅういん","ユウコ","0","28","","","0","28","","","","","","","","","","","","","","","","","","","",,,,,,,,,,,,,,,,,,,,,,,,,,,,,,,,,,,"ユニラン","ギアル",,,,
"１対１","ノーマル","5","♂","espm_02","サイキッカー","ユウマ","0","31","","","0","31","","","","","","","","","","","","","","","","","","","",,,,,,,,,,,,,,,,,,,,,,,,,,,,,,,,,,,"ナスカドリ","ゴスロス",,,,
"１対１","ノーマル","5","♂","espm_03","サイキッカー","レイジ","0","31","","","0","31","","","","","","","","","","","","","","","","","","","",,,,,,,,,,,,,,,,,,,,,,,,,,,,,,,,,,,"デスマス","ココロモリ",,,,
"１対１","ノーマル","5","♀","espw_02","サイキッカー","サイコ","0","31","","","0","31","","","","","","","","","","","","","","","","","","","",,,,,,,,,,,,,,,,,,,,,,,,,,,,,,,,,,,"ローソクン","ダブラン",,,,
"１対１","ノーマル","5","♀","espw_03","サイキッカー","ミライ","0","31","","","0","31","","","","","","","","","","","","","","","","","","","",,,,,,,,,,,,,,,,,,,,,,,,,,,,,,,,,,,"ココロモリ","ココロモリ",,,,
"１対１","ノーマル","5","♂","worker2_05","さぎょういん","キヨカズ","0","32","","","0","32","","","","","","","","","","","","","","","","","","","",,,,,,,,,,,,,,,,,,,,,,,,,,,,,,,,,,,"ガンクツ","モグリュー",,,,
"１対１","ノーマル","5","♂","worker2_06","さぎょういん","リイチ","0","32","","","0","32","","","","","","","","","","","","","","","","","","","",,,,,,,,,,,,,,,,,,,,,,,,,,,,,,,,,,,"ヤドリ","モグリュー",,,,
"１対１","ノーマル","5","♂","worker2_07","さぎょういん","タイゾウ","0","32","","","0","32","","","","","","","","","","","","","","","","","","","",,,,,,,,,,,,,,,,,,,,,,,,,,,,,,,,,,,"モグリュー","ヤドカルゴ",,,,
"１対１","ノーマル","5","♂","worker2_08","さぎょういん","サダアキ","0","32","","","0","32","","","","","","","","","","","","","","","","","","","",,,,,,,,,,,,,,,,,,,,,,,,,,,,,,,,,,,"シーバー","ハトーボー",,,,
"１対１","ノーマル","5","♂","worker2_09","さぎょういん","ゲンゾウ","0","32","","","0","32","","","","","","","","","","","","","","","","","","","",,,,,,,,,,,,,,,,,,,,,,,,,,,,,,,,,,,"コロモリ","シーバー",,,,
"１対１","ノーマル","5","♂","worker2_10","さぎょういん","ムネノリ","0","32","","","0","32","","","","","","","","","","","","","","","","","","","",,,,,,,,,,,,,,,,,,,,,,,,,,,,,,,,,,,"コロモリ","ハトーボー",,,,
"１対１","ノーマル","5","♂","worker2_11","さぎょういん","テツハル","0","32","","","0","32","","","","","","","","","","","","","","","","","","","",,,,,,,,,,,,,,,,,,,,,,,,,,,,,,,,,,,"コロモリ","コロモリ",,,,
"１対１","ノーマル","5","♂","soccer_01","サッカーせんしゅ","トニー","0","10","","","0","10","","","","","","","","","","","","","","","","","","","",,,,,,,,,,,,,,,,,,,,,,,,,,,,,,,,,,,"ミネズミ","ミネズミ",,,,
"１対１","ノーマル","5","♂","soccer_02","サッカーせんしゅ","ロベルト","0","10","","","0","10","","","","","","","","","","","","","","","","","","","",,,,,,,,,,,,,,,,,,,,,,,,,,,,,,,,,,,"ミネズミ","ミネズミ",,,,
"１対１","ノーマル","5","♂","leader7_01","ジムリーダー","ハチク","120","36","","","120","36","","","120","36","","","120","38","","","","","","","","","","","",,,,,,,,,,,,,,,,,,,,,,,,,,,,,,,,,,,"シャーベア","シャーベア","シャーベア","シャーベア",,
"１対１","ノーマル","5","♀","leader8a_01","ジムリーダー","アイリス","120","40","","","120","40","","","120","40","","","120","42","","","","","","","","","","","",,,,,,,,,,,,,,,,,,,,,,,,,,,,,,,,,,,"ドラーゴ","オーロッチ","オノックス","ドラゴーン",,
"１対１","ノーマル","5","♂","leader8b_01","ジムリーダー","シャガ","120","40","","","120","40","","","120","40","","","120","42","","","","","","","","","","","",,,,,,,,,,,,,,,,,,,,,,,,,,,,,,,,,,,"ドラーゴ","オーロッチ","オノックス","ドラゴーン",,
"１対１","ノーマル","5","♂","heads_01","スキンヘッズ","エイキチ","0","36","","","0","36","","","","","","","","","","","","","","","","","","","",,,,,,,,,,,,,,,,,,,,,,,,,,,,,,,,,,,"ヤブクロン","ヤブクロン",,,,
"１対１","ノーマル","5","♂","heads_02","スキンヘッズ","ロクロウ","0","36","","","0","36","","","","","","","","","","","","","","","","","","","",,,,,,,,,,,,,,,,,,,,,,,,,,,,,,,,,,,"ヤブクロン","ダストダス",,,,
"１対１","ノーマル","5","♂","heads_03","スキンヘッズ","リュウジ","0","10","","","","","","","","","","","","","","","","","","","","","","","",,,,,,,,,,,,,,,,,,,,,,,,,,,,,,,,,,,"ミネズミ",,,,,
"１対１","ノーマル","5","♂","cleaning_01","せいそういん","シンノスケ","0","18","","","0","18","","","","","","","","","","","","","","","","","","","",,,,,,,,,,,,,,,,,,,,,,,,,,,,,,,,,,,"ミネズミ","ミルホッグ",,,,
"１対１","ノーマル","5","♂","daisukim_01","だいすきクラブ","ヤスタカ","0","30","","","0","30","","","","","","","","","","","","","","","","","","","",,,,,,,,,,,,,,,,,,,,,,,,,,,,,,,,,,,"トビッチュ","パブロー",,,,
"１対１","ノーマル","5","♀","daisukiw_01","だいすきクラブ","ノブコ","0","30","","","0","30","","","","","","","","","","","","","","","","","","","",,,,,,,,,,,,,,,,,,,,,,,,,,,,,,,,,,,"クルマユ","モンメン",,,,
"１対１","ノーマル","5","♂","tanpan_05","たんぱんこぞう","ヤスオ","0","24","","","0","24","","","","","","","","","","","","","","","","","","","",,,,,,,,,,,,,,,,,,,,,,,,,,,,,,,,,,,"タニス","ヤドリ",,,,
"１対１","ノーマル","5","♂","tanpan_06","たんぱんこぞう","トモキ","0","24","","","0","24","","","","","","","","","","","","","","","","","","","",,,,,,,,,,,,,,,,,,,,,,,,,,,,,,,,,,,"ムカンデ","カブリン",,,,
"１対１","ノーマル","5","♂","tanpan_07","たんぱんこぞう","ヒデト","0","30","","","0","30","","","","","","","","","","","","","","","","","","","",,,,,,,,,,,,,,,,,,,,,,,,,,,,,,,,,,,"バチュル","ヤドリ",,,,
"１対１","ノーマル","5","♂","tanpan_08","たんぱんこぞう","コウタ","0","30","","","0","30","","","","","","","","","","","","","","","","","","","",,,,,,,,,,,,,,,,,,,,,,,,,,,,,,,,,,,"ムカンデ","カッチュ",,,,
"１対１","ノーマル","5","♂","tanpan_09","たんぱんこぞう","ヨシキ","0","14","","","0","14","","","","","","","","","","","","","","","","","","","",,,,,,,,,,,,,,,,,,,,,,,,,,,,,,,,,,,"タニス","ムカッテ",,,,
"１対１","ノーマル","5","♂","tanpan_10","たんぱんこぞう","キヨシ","0","14","","","0","14","","","","","","","","","","","","","","","","","","","",,,,,,,,,,,,,,,,,,,,,,,,,,,,,,,,,,,"コロモリ","タニス",,,,
"１対１","ノーマル","5","♂","tanpan_11","たんぱんこぞう","マサル","0","10","","","0","10","","","","","","","","","","","","","","","","","","","",,,,,,,,,,,,,,,,,,,,,,,,,,,,,,,,,,,"ミネズミ","ミネズミ",,,,
"１対１","ノーマル","5","♂","tanpan_12","たんぱんこぞう","？？？","0","10","","","","","","","","","","","","","","","","","","","","","","","",,,,,,,,,,,,,,,,,,,,,,,,,,,,,,,,,,,"ミネズミ",,,,,
"１対１","ノーマル","5","♂","fishing_03","つりびと","ユウサク","0","34","","","0","34","","","","","","","","","","","","","","","","","","","",,,,,,,,,,,,,,,,,,,,,,,,,,,,,,,,,,,"オニバス","オニバス",,,,
"１対１","ノーマル","5","♂","fishing_04","つりびと","？？？","0","10","","","","","","","","","","","","","","","","","","","","","","","",,,,,,,,,,,,,,,,,,,,,,,,,,,,,,,,,,,"ミネズミ",,,,,
"１対１","ノーマル","5","♂","doctor_01","ドクター","イクオ","0","28","","","0","28","","","","","","","","","","","","","","","","","","","",,,,,,,,,,,,,,,,,,,,,,,,,,,,,,,,,,,"シンピッピ","シンピッピ",,,,
"１対１","ノーマル","5","♂","doctor_02","ドクター","シンタロウ","0","32","","","0","32","","","","","","","","","","","","","","","","","","","",,,,,,,,,,,,,,,,,,,,,,,,,,,,,,,,,,,"シンピッピ","シンピッピ",,,,
"１対１","ノーマル","5","♀","nurse_01","ナース","チユリ","0","30","","","0","30","","","","","","","","","","","","","","","","","","","",,,,,,,,,,,,,,,,,,,,,,,,,,,,,,,,,,,"シンピッピ","シンピッピ",,,,
"１対１","ノーマル","5","♂","backpackerm_03","バックパッカー","メグル","0","18","","","0","18","","","","","","","","","","","","","","","","","","","",,,,,,,,,,,,,,,,,,,,,,,,,,,,,,,,,,,"マメパト","マメパト",,,,
"１対１","ノーマル","5","♂","backpackerm_04","バックパッカー","ススム","0","30","","","0","30","","","","","","","","","","","","","","","","","","","",,,,,,,,,,,,,,,,,,,,,,,,,,,,,,,,,,,"ヒダルマ","ワルビル",,,,
"１対１","ノーマル","5","♀","backpackerw_03","バックパッカー","ミチコ","0","18","","","0","18","","","","","","","","","","","","","","","","","","","",,,,,,,,,,,,,,,,,,,,,,,,,,,,,,,,,,,"パピー","パピー",,,,
"１対１","ノーマル","5","♀","backpackerw_04","バックパッカー","マヨイ","0","30","","","0","30","","","","","","","","","","","","","","","","","","","",,,,,,,,,,,,,,,,,,,,,,,,,,,,,,,,,,,"パブロー","パブロー",,,,
"２対２","ノーマル","5","♂","badteam_01","バッドチーム","サブとマサ","0","37","","","0","37","","","","","","","","","","","","","","","","","","","",,,,,,,,,,,,,,,,,,,,,,,,,,,,,,,,,,,"ヤブクロン","ヤブクロン",,,,
"１対１","ノーマル","5","♀","battleg_01","バトルガール","ユウキ","0","39","","","0","39","","","","","","","","","","","","","","","","","","","",,,,,,,,,,,,,,,,,,,,,,,,,,,,,,,,,,,"スンドメー","スンドメー",,,,
"１対１","ノーマル","5","♀","battleg_02","バトルガール","マコト","0","33","","","0","33","","","","","","","","","","","","","","","","","","","",,,,,,,,,,,,,,,,,,,,,,,,,,,,,,,,,,,"セイヤー","チェストー",,,,
"１対１","ノーマル","5","♀","battleg_03","バトルガール","カレン","0","15","","","0","15","","","","","","","","","","","","","","","","","","","",,,,,,,,,,,,,,,,,,,,,,,,,,,,,,,,,,,"セイヤー","セイヤー",,,,
"１対１","ノーマル","5","♀","parasol_01","パラソルおねえさん","シズク","0","26","","","0","26","","","","","","","","","","","","","","","","","","","",,,,,,,,,,,,,,,,,,,,,,,,,,,,,,,,,,,"タニス","プルンス",,,,
"１対１","ノーマル","5","♀","parasol_02","パラソルおねえさん","メグミ","0","26","","","0","26","","","","","","","","","","","","","","","","","","","",,,,,,,,,,,,,,,,,,,,,,,,,,,,,,,,,,,"ファウン","ドレディア",,,,
"１対１","ノーマル","5","♀","parasol_03","パラソルおねえさん","フウカ","0","34","","","0","34","","","","","","","","","","","","","","","","","","","",,,,,,,,,,,,,,,,,,,,,,,,,,,,,,,,,,,"タニーノ","ファウント",,,,
"１対１","ノーマル","5","♀","parasol_04","パラソルおねえさん","ヨウコ","0","34","","","0","34","","","","","","","","","","","","","","","","","","","",,,,,,,,,,,,,,,,,,,,,,,,,,,,,,,,,,,"タニーノ","ママンボウ",,,,
"１対１","ノーマル","5","♂","business1_01","ビジネスマン","イチロウ","0","18","","","0","18","","","","","","","","","","","","","","","","","","","",,,,,,,,,,,,,,,,,,,,,,,,,,,,,,,,,,,"タニス","タニス",,,,
"１対１","ノーマル","5","♂","business1_02","ビジネスマン","マサハル","0","18","","","0","18","","","","","","","","","","","","","","","","","","","",,,,,,,,,,,,,,,,,,,,,,,,,,,,,,,,,,,"ヒダルマ","ヒダルマ",,,,
"１対１","ノーマル","5","♂","business1_03","ビジネスマン","ヒデオ","0","18","","","0","18","","","","","","","","","","","","","","","","","","","",,,,,,,,,,,,,,,,,,,,,,,,,,,,,,,,,,,"チェストー","セイヤー",,,,
"１対１","ノーマル","5","♂","business1_04","ビジネスマン","ユウイチ","0","28","","","0","28","","","","","","","","","","","","","","","","","","","",,,,,,,,,,,,,,,,,,,,,,,,,,,,,,,,,,,"ワルビル","モグリュー",,,,
"１対１","ノーマル","5","♂","business1_05","ビジネスマン","シンイチ","0","10","","","0","10","","","","","","","","","","","","","","","","","","","",,,,,,,,,,,,,,,,,,,,,,,,,,,,,,,,,,,"ミネズミ","ミネズミ",,,,
"１対１","ノーマル","5","♂","business2_01","ビジネスマン","アツヤ","0","18","","","0","18","","","0","18","","","","","","","","","","","","","","","",,,,,,,,,,,,,,,,,,,,,,,,,,,,,,,,,,,"スチック","ファウン","ブロッコ",,,
"１対１","ノーマル","5","♂","business2_02","ビジネスマン","トシアキ","0","10","","","","","","","","","","","","","","","","","","","","","","","",,,,,,,,,,,,,,,,,,,,,,,,,,,,,,,,,,,"ミネズミ",,,,,
"２対２","ノーマル","5","♂","fanm_01","ファンクラブ","タカとシゲ","0","10","","","0","10","","","","","","","","","","","","","","","","","","","",,,,,,,,,,,,,,,,,,,,,,,,,,,,,,,,,,,"ミネズミ","ミネズミ",,,,
"２対２","ノーマル","5","♂","fanm_02","ファンクラブ","リクとカツ","0","10","","","0","10","","","","","","","","","","","","","","","","","","","",,,,,,,,,,,,,,,,,,,,,,,,,,,,,,,,,,,"ミネズミ","ミネズミ",,,,
"２対２","ノーマル","5","♂","fanm_03","ファンクラブ","カイとテル","0","10","","","0","10","","","","","","","","","","","","","","","","","","","",,,,,,,,,,,,,,,,,,,,,,,,,,,,,,,,,,,"ミネズミ","ミネズミ",,,,
"２対２","ノーマル","5","♀","fanw_01","ファンクラブ","ユミとナオ","0","10","","","0","10","","","","","","","","","","","","","","","","","","","",,,,,,,,,,,,,,,,,,,,,,,,,,,,,,,,,,,"ミネズミ","ミネズミ",,,,
"２対２","ノーマル","5","♀","fanw_02","ファンクラブ","スズとカホ","0","10","","","0","10","","","","","","","","","","","","","","","","","","","",,,,,,,,,,,,,,,,,,,,,,,,,,,,,,,,,,,"ミネズミ","ミネズミ",,,,
"１対１","ノーマル","5","♂","football_02","フットボーラー","ボブ","0","10","","","0","10","","","","","","","","","","","","","","","","","","","",,,,,,,,,,,,,,,,,,,,,,,,,,,,,,,,,,,"ミネズミ","ミネズミ",,,,
"１対１","ノーマル","5","♂","veteranm_01","ベテラントレーナー","エイジ","0","40","","","0","41","","","","","","","","","","","","","","","","","","","",,,,,,,,,,,,,,,,,,,,,,,,,,,,,,,,,,,"プルキング","カセキング",,,,
"１対１","ノーマル","5","♀","veteranw_01","ベテラントレーナー","シオリ","0","40","","","0","41","","","","","","","","","","","","","","","","","","","",,,,,,,,,,,,,,,,,,,,,,,,,,,,,,,,,,,"チラチーノ","アーケオス",,,,
"１対１","ノーマル","5","♂","badrider_01","ぼうそうぞく","テツオ","0","36","","","0","36","","","","","","","","","","","","","","","","","","","",,,,,,,,,,,,,,,,,,,,,,,,,,,,,,,,,,,"ヤブクロン","ヤブクロン",,,,
"１対１","ノーマル","5","♂","badrider_02","ぼうそうぞく","キョウジ","0","36","","","0","36","","","","","","","","","","","","","","","","","","","",,,,,,,,,,,,,,,,,,,,,,,,,,,,,,,,,,,"ヤブクロン","ダストダス",,,,
"１対１","ノーマル","5","♂","rangerm_03","ポケモンレンジャー","ユタカ","0","28","","","0","28","","","","","","","","","","","","","","","","","","","",,,,,,,,,,,,,,,,,,,,,,,,,,,,,,,,,,,"ヤドリ","ゼブライカ",,,,
"１対１","ノーマル","5","♂","rangerm_04","ポケモンレンジャー","シンヤ","0","32","","","0","32","","","","","","","","","","","","","","","","","","","",,,,,,,,,,,,,,,,,,,,,,,,,,,,,,,,,,,"モグリュー","ゼブライカ",,,,
"１対１","ノーマル","5","♂","rangerm_05","ポケモンレンジャー","ダイチ","0","36","","","0","36","","","","","","","","","","","","","","","","","","","",,,,,,,,,,,,,,,,,,,,,,,,,,,,,,,,,,,"オニソコ","シロベア",,,,
"１対１","ノーマル","5","♂","rangerm_06","ポケモンレンジャー","？？？","0","10","","","","","","","","","","","","","","","","","","","","","","","",,,,,,,,,,,,,,,,,,,,,,,,,,,,,,,,,,,"ミネズミ",,,,,
"１対１","ノーマル","5","♀","rangerw_03","ポケモンレンジャー","シズカ","0","28","","","0","28","","","","","","","","","","","","","","","","","","","",,,,,,,,,,,,,,,,,,,,,,,,,,,,,,,,,,,"シーバー","サボッテン",,,,
"１対１","ノーマル","5","♀","rangerw_04","ポケモンレンジャー","シノブ","0","32","","","0","32","","","","","","","","","","","","","","","","","","","",,,,,,,,,,,,,,,,,,,,,,,,,,,,,,,,,,,"チラーミィ","ドレディア",,,,
"１対１","ノーマル","5","♀","rangerw_05","ポケモンレンジャー","アオバ","0","36","","","0","36","","","","","","","","","","","","","","","","","","","",,,,,,,,,,,,,,,,,,,,,,,,,,,,,,,,,,,"シーバー","ココロモリ",,,,
"１対１","ノーマル","5","♀","rangerw_06","ポケモンレンジャー","？？？","0","10","","","","","","","","","","","","","","","","","","","","","","","",,,,,,,,,,,,,,,,,,,,,,,,,,,,,,,,,,,"ミネズミ",,,,,
"１対１","ノーマル","5","♀","mini_04","ミニスカート","シホ","0","30","","","0","30","","","","","","","","","","","","","","","","","","","",,,,,,,,,,,,,,,,,,,,,,,,,,,,,,,,,,,"チラーミィ","レパルダス",,,,
"１対１","ノーマル","5","♂","baseball_01","やきゅうせんしゅ","アレックス","0","10","","","0","10","","","","","","","","","","","","","","","","","","","",,,,,,,,,,,,,,,,,,,,,,,,,,,,,,,,,,,"ミネズミ","ミネズミ",,,,
"１対１","ノーマル","5","♂","baseball_02","やきゅうせんしゅ","ランディ","0","10","","","0","10","","","","","","","","","","","","","","","","","","","",,,,,,,,,,,,,,,,,,,,,,,,,,,,,,,,,,,"ミネズミ","ミネズミ",,,,
"１対１","ノーマル","5","♂","mount_01","やまおとこ","サンペイ","0","38","","","0","38","","","","","","","","","","","","","","","","","","","",,,,,,,,,,,,,,,,,,,,,,,,,,,,,,,,,,,"ヤドカルゴ","ガンドロス",,,,
"１対１","ノーマル","5","♂","mount_02","やまおとこ","コウダイ","0","26","","","0","26","","","","","","","","","","","","","","","","","","","",,,,,,,,,,,,,,,,,,,,,,,,,,,,,,,,,,,"キノタマ","キノボール",,,,
"１対１","ノーマル","5","♂","mount_03","やまおとこ","ノボル","0","30","","","0","30","","","","","","","","","","","","","","","","","","","",,,,,,,,,,,,,,,,,,,,,,,,,,,,,,,,,,,"ガンクツ","ガンクツ",,,,
"１対１","ノーマル","5","♂","juggling_02","クラウン","パット","0","20","","","0","20","","","","","","","","","","","","","","","","","","","",,,,,,,,,,,,,,,,,,,,,,,,,,,,,,,,,,,"クルマユ","ムカッテ",,,,
"１対１","ノーマル","5","♂","juggling_03","クラウン","ニック","0","20","","","0","20","","","","","","","","","","","","","","","","","","","",,,,,,,,,,,,,,,,,,,,,,,,,,,,,,,,,,,"ムカッテ","ムカッテ",,,,
"１対１","ノーマル","5","♂","juggling_04","クラウン","ジェフ","0","20","","","0","20","","","","","","","","","","","","","","","","","","","",,,,,,,,,,,,,,,,,,,,,,,,,,,,,,,,,,,"ムカッテ","クルマユ",,,,
"１対１","ノーマル","5","♂","juggling_05","クラウン","ケリー","0","20","","","0","20","","","","","","","","","","","","","","","","","","","",,,,,,,,,,,,,,,,,,,,,,,,,,,,,,,,,,,"クルマユ","クルマユ",,,,
"１対１","ノーマル","5","♂","juggling_06","クラウン","ティム","0","20","","","0","20","","","","","","","","","","","","","","","","","","","",,,,,,,,,,,,,,,,,,,,,,,,,,,,,,,,,,,"クルマユ","ムカッテ",,,,
"１対１","ノーマル","5","♂","worker2_12","さぎょういん","カンキチ","0","28","","","0","28","","","","","","","","","","","","","","","","","","","",,,,,,,,,,,,,,,,,,,,,,,,,,,,,,,,,,,"ワルビル","ワルビル",,,,
"１対１","ノーマル","5","♂","worker2_13","さぎょういん","ギンジ","0","28","","","0","28","","","","","","","","","","","","","","","","","","","",,,,,,,,,,,,,,,,,,,,,,,,,,,,,,,,,,,"メグロコ","ワルビル",,,,
"１対１","ノーマル","5","♂","worker2_14","さぎょういん","タモツ","0","28","","","0","28","","","","","","","","","","","","","","","","","","","",,,,,,,,,,,,,,,,,,,,,,,,,,,,,,,,,,,"モグリュー","ワルビル",,,,
"２対２","ノーマル","5","♀","futago_03","ふたごちゃん","マホとカホ","0","10","","","0","10","","","","","","","","","","","","","","","","","","","",,,,,,,,,,,,,,,,,,,,,,,,,,,,,,,,,,,"ミネズミ","ミネズミ",,,,
"１対１","ノーマル","5","♀","elitew_05","エリートトレーナー","ユウカ","0","10","","","0","10","","","","","","","","","","","","","","","","","","","",,,,,,,,,,,,,,,,,,,,,,,,,,,,,,,,,,,"ミネズミ","ミネズミ",,,,
"１対１","ノーマル","5","♂","elitem_05","エリートトレーナー","カズマ","0","10","","","0","10","","","","","","","","","","","","","","","","","","","",,,,,,,,,,,,,,,,,,,,,,,,,,,,,,,,,,,"ミネズミ","ミネズミ",,,,
"１対１","ノーマル","5","♀","mini_05","ミニスカート","マユ","0","10","","","0","10","","","","","","","","","","","","","","","","","","","",,,,,,,,,,,,,,,,,,,,,,,,,,,,,,,,,,,"ミネズミ","ミネズミ",,,,
"１対１","ノーマル","5","♂","prince_04","おぼっちゃま","キミタカ","0","10","","","0","10","","","","","","","","","","","","","","","","","","","",,,,,,,,,,,,,,,,,,,,,,,,,,,,,,,,,,,"ミネズミ","ミネズミ",,,,
"１対１","ノーマル","5","♀","princess_04","おじょうさま","ハヅキ","0","10","","","0","10","","","","","","","","","","","","","","","","","","","",,,,,,,,,,,,,,,,,,,,,,,,,,,,,,,,,,,"ミネズミ","ミネズミ",,,,
"１対１","ノーマル","5","♀","madam_01","マダム","エミリア","0","10","","","0","10","","","","","","","","","","","","","","","","","","","",,,,,,,,,,,,,,,,,,,,,,,,,,,,,,,,,,,"ミネズミ","ミネズミ",,,,
"１対１","ノーマル","5","♂","gentle_01","ジェントルマン","ロバート","0","10","","","0","10","","","","","","","","","","","","","","","","","","","",,,,,,,,,,,,,,,,,,,,,,,,,,,,,,,,,,,"ミネズミ","ミネズミ",,,,
"１対１","ノーマル","5","♀","battleg_04","バトルガール","サツキ","0","37","","","0","37","","","","","","","","","","","","","","","","","","","",,,,,,,,,,,,,,,,,,,,,,,,,,,,,,,,,,,"シロベア","シロベア",,,,
"１対１","ノーマル","5","♀","battleg_05","バトルガール","キリカ","0","37","","","0","37","","","","","","","","","","","","","","","","","","","",,,,,,,,,,,,,,,,,,,,,,,,,,,,,,,,,,,"シロベア","シロベア",,,,
"１対１","ノーマル","5","♀","battleg_06","バトルガール","ヒカル","0","37","","","0","37","","","","","","","","","","","","","","","","","","","",,,,,,,,,,,,,,,,,,,,,,,,,,,,,,,,,,,"シロベア","シロベア",,,,
"１対１","ノーマル","5","♂","karate_04","カラテおう","タイキ","0","37","","","0","37","","","","","","","","","","","","","","","","","","","",,,,,,,,,,,,,,,,,,,,,,,,,,,,,,,,,,,"シロベア","シロベア",,,,
"１対１","ノーマル","5","♂","karate_05","カラテおう","ケンスケ","0","37","","","0","37","","","","","","","","","","","","","","","","","","","",,,,,,,,,,,,,,,,,,,,,,,,,,,,,,,,,,,"シロベア","シロベア",,,,
"１対１","ノーマル","5","♂","karate_06","カラテおう","タケル","0","37","","","0","37","","","","","","","","","","","","","","","","","","","",,,,,,,,,,,,,,,,,,,,,,,,,,,,,,,,,,,"シロベア","シロベア",,,,
"１対１","ノーマル","5","♂","boss_04","ポケモントレーナー","Ｎ","160","29","","","160","27","","","160","27","","","","","","","","","","","","","","","",,,,,,,,,,,,,,,,,,,,,,,,,,,,,,,,,,,"レパルダス","ムシャーナ","シロベア",,,
"１対１","ノーマル","5","♂","boss_05","プラズマだん","Ｎ","200","36","","","200","34","","","200","34","","","200","34","","","","","","","","","","","",,,,,,,,,,,,,,,,,,,,,,,,,,,,,,,,,,,"レパルダス","ムシャーナ","シャーベア","ドリュウズ",,
"１対１","ノーマル","5","♂","boss_06","プラズマだん","Ｎ","240","50","","","240","50","","","240","50","","","240","50","","","240","50","","","240","52","","","",,,,,,,,,,,,,,,,,,,,,,,,,,,,,,,,,,,"レパルダス","ムシャーナ","シャーベア","ドリュウズ","ギギギアル","オノックス"
"１対１","ノーマル","5","♂","hakaim1_05","プラズマだん","したっぱ","0","34","","","0","34","","","","","","","","","","","","","","","","","","","",,,,,,,,,,,,,,,,,,,,,,,,,,,,,,,,,,,"ミルホッグ","ヤブクロン",,,,
"１対１","ノーマル","5","♂","hakaim1_06","プラズマだん","したっぱ","0","34","","","0","34","","","","","","","","","","","","","","","","","","","",,,,,,,,,,,,,,,,,,,,,,,,,,,,,,,,,,,"ミルホッグ","ミルホッグ",,,,
"１対１","ノーマル","5","♂","hakaim1_07","プラズマだん","したっぱ","0","34","","","0","34","","","","","","","","","","","","","","","","","","","",,,,,,,,,,,,,,,,,,,,,,,,,,,,,,,,,,,"ヤブクロン","ミルホッグ",,,,
"１対１","ノーマル","5","♂","hakaim1_08","プラズマだん","したっぱ","0","34","","","0","34","","","","","","","","","","","","","","","","","","","",,,,,,,,,,,,,,,,,,,,,,,,,,,,,,,,,,,"ヤブクロン","ヤブクロン",,,,
"１対１","ノーマル","5","♀","hakaiw1_01","プラズマだん","したっぱ","0","34","","","0","34","","","","","","","","","","","","","","","","","","","",,,,,,,,,,,,,,,,,,,,,,,,,,,,,,,,,,,"ヤブクロン","ミルホッグ",,,,
"１対１","ノーマル","5","♀","hakaiw1_02","プラズマだん","したっぱ","0","34","","","0","34","","","","","","","","","","","","","","","","","","","",,,,,,,,,,,,,,,,,,,,,,,,,,,,,,,,,,,"ミルホッグ","ミルホッグ",,,,
"１対１","ノーマル","5","♀","hakaiw1_03","プラズマだん","したっぱ","0","34","","","0","34","","","","","","","","","","","","","","","","","","","",,,,,,,,,,,,,,,,,,,,,,,,,,,,,,,,,,,"ミルホッグ","ヤブクロン",,,,
"１対１","ノーマル","5","♂","bigfour1_01","してんのう","シキミ","150","41","","","150","41","","","150","41","","","150","41","","","150","43","","","","","","","",,,,,,,,,,,,,,,,,,,,,,,,,,,,,,,,,,,"ランプラー","デスカーン","デスカーン","シャンドル","シャンドル",
"１対１","ノーマル","5","♂","bigfour3_01","してんのう","レンブ","150","43","","","150","43","","","150","43","","","150","43","","","150","45","","","","","","","",,,,,,,,,,,,,,,,,,,,,,,,,,,,,,,,,,,"セイヤー","チェストー","セイヤー","フルコング","フルコング",
"１対１","ノーマル","5","♂","bigfour2_01","してんのう","ギーマ","150","45","","","150","45","","","150","45","","","150","45","","","150","47","","","","","","","",,,,,,,,,,,,,,,,,,,,,,,,,,,,,,,,,,,"レパルダス","レパルダス","レパルダス","ゾロアーク","ゾロアーク",
"１対１","ノーマル","5","♂","bigfour4_01","してんのう","カトレア","150","47","","","150","47","","","150","47","","","150","47","","","150","49","","","","","","","",,,,,,,,,,,,,,,,,,,,,,,,,,,,,,,,,,,"ココロモリ","ムシャーナ","ナスカドリ","ランクルス","ゴスローゼ",
"１対１","ノーマル","5","♂","sage1_01","プラズマだん","ゲーチス","240","52","","","240","52","","","240","52","","","240","52","","","240","52","","","240","54","","","",,,,,,,,,,,,,,,,,,,,,,,,,,,,,,,,,,,"デンチュラ","ランクルス","ワルビアル","ゼブライカ","シャンドル","ヤブクロン"
"１対１","ノーマル","5","♂","espm_04","サイキッカー","ツカサ","0","23","","","0","23","","","","","","","","","","","","","","","","","","","",,,,,,,,,,,,,,,,,,,,,,,,,,,,,,,,,,,"デスマス","デスマス",,,,
"１対１","ノーマル","5","♂","espm_05","サイキッカー","シュン","0","23","","","0","23","","","","","","","","","","","","","","","","","","","",,,,,,,,,,,,,,,,,,,,,,,,,,,,,,,,,,,"コロモリ","コロモリ",,,,
"１対１","ノーマル","5","♀","espw_04","サイキッカー","ノゾミ","0","23","","","0","23","","","","","","","","","","","","","","","","","","","",,,,,,,,,,,,,,,,,,,,,,,,,,,,,,,,,,,"ユニラン","ユニラン",,,,
"１対１","ノーマル","5","♂","backpackerm_05","バックパッカー","イクト","0","22","","","0","22","","","","","","","","","","","","","","","","","","","",,,,,,,,,,,,,,,,,,,,,,,,,,,,,,,,,,,"ヒダルマ","ヒダルマ",,,,
"１対１","ノーマル","5","♂","backpackerm_06","バックパッカー","トオル","0","22","","","0","22","","","","","","","","","","","","","","","","","","","",,,,,,,,,,,,,,,,,,,,,,,,,,,,,,,,,,,"ファウン","パブロー",,,,
"１対１","ノーマル","5","♀","backpackerw_05","バックパッカー","ヒヨリ","0","22","","","0","22","","","","","","","","","","","","","","","","","","","",,,,,,,,,,,,,,,,,,,,,,,,,,,,,,,,,,,"ブロッコ","ミルホッグ",,,,
"１対１","ノーマル","5","♀","backpackerw_06","バックパッカー","コマキ","0","22","","","0","22","","","","","","","","","","","","","","","","","","","",,,,,,,,,,,,,,,,,,,,,,,,,,,,,,,,,,,"マメパト","レパルダス",,,,
"１対１","ノーマル","5","♂","scientistm_05","けんきゅういん","ヨシヒロ","0","28","","","0","28","","","","","","","","","","","","","","","","","","","",,,,,,,,,,,,,,,,,,,,,,,,,,,,,,,,,,,"ギアル","ギアル",,,,
"１対１","ノーマル","5","♂","worker2_15","さぎょういん","いしろう","0","32","","","0","32","","","","","","","","","","","","","","","","","","","",,,,,,,,,,,,,,,,,,,,,,,,,,,,,,,,,,,"ガンクツ","モグリュー",,,,
"１対１","ノーマル","5","♂","mount_04","やまおとこ","フジオ","0","32","","","0","32","","","","","","","","","","","","","","","","","","","",,,,,,,,,,,,,,,,,,,,,,,,,,,,,,,,,,,"ガンクツ","ガンクツ",,,,
"１対１","ノーマル","5","♂","mount_05","やまおとこ","ガクト","0","32","","","0","32","","","","","","","","","","","","","","","","","","","",,,,,,,,,,,,,,,,,,,,,,,,,,,,,,,,,,,"ガンクツ","ガンクツ",,,,
"１対１","ノーマル","5","♀","elitew_06","エリートトレーナー","アスカ","0","44","","","0","44","","","","","","","","","","","","","","","","","","","",,,,,,,,,,,,,,,,,,,,,,,,,,,,,,,,,,,"イーグラ","ドラーゴ",,,,
"１対１","ノーマル","5","♀","elitew_07","エリートトレーナー","リオ","0","44","","","0","44","","","","","","","","","","","","","","","","","","","",,,,,,,,,,,,,,,,,,,,,,,,,,,,,,,,,,,"ゾロア","シキジカ",,,,
"１対１","ノーマル","5","♂","elitem_06","エリートトレーナー","マコト","0","44","","","0","44","","","","","","","","","","","","","","","","","","","",,,,,,,,,,,,,,,,,,,,,,,,,,,,,,,,,,,"スンドメー","シーイング",,,,
"１対１","ノーマル","5","♂","elitem_07","エリートトレーナー","コウシロウ","0","44","","","0","44","","","","","","","","","","","","","","","","","","","",,,,,,,,,,,,,,,,,,,,,,,,,,,,,,,,,,,"バッフロー","シャーベア",,,,
"１対１","ノーマル","5","♂","karate_07","カラテおう","リキヤ","0","43","","","0","43","","","","","","","","","","","","","","","","","","","",,,,,,,,,,,,,,,,,,,,,,,,,,,,,,,,,,,"チェストー","フルコング",,,,
"１対１","ノーマル","5","♂","doctor_03","ドクター","セイジ","0","42","","","0","42","","","","","","","","","","","","","","","","","","","",,,,,,,,,,,,,,,,,,,,,,,,,,,,,,,,,,,"シンピッピ","シンピッピ",,,,
"１対１","ノーマル","5","♂","veteranm_02","ベテラントレーナー","タツマ","0","44","","","0","45","","","","","","","","","","","","","","","","","","","",,,,,,,,,,,,,,,,,,,,,,,,,,,,,,,,,,,"イーグラン","タニキング",,,,
"１対１","ノーマル","5","♀","veteranw_02","ベテラントレーナー","ヤヨイ","0","44","","","0","45","","","","","","","","","","","","","","","","","","","",,,,,,,,,,,,,,,,,,,,,,,,,,,,,,,,,,,"ドレディア","ギギギアル",,,,
"１対１","ノーマル","5","♂","karate_08","カラテおう","トウシ","0","13","","","0","13","","","","","","","","","","","","","","","","","","","",,,,,,,,,,,,,,,,,,,,,,,,,,,,,,,,,,,"チェストー","チェストー",,,,
"１対１","ノーマル","5","♀","battleg_07","バトルガール","チハヤ","0","13","","","0","13","","","","","","","","","","","","","","","","","","","",,,,,,,,,,,,,,,,,,,,,,,,,,,,,,,,,,,"セイヤー","セイヤー",,,,
"１対１","ノーマル","5","♀","battleg_08","バトルガール","エイミ","0","13","","","0","13","","","","","","","","","","","","","","","","","","","",,,,,,,,,,,,,,,,,,,,,,,,,,,,,,,,,,,"セイヤー","チェストー",,,,
"１対１","ノーマル","5","♂","mount_06","やまおとこ","ダイサク","0","28","","","0","28","","","","","","","","","","","","","","","","","","","",,,,,,,,,,,,,,,,,,,,,,,,,,,,,,,,,,,"モグリュー","ガンクツ",,,,
"１対１","ノーマル","5","♂","mount_07","やまおとこ","タケオ","0","28","","","0","28","","","","","","","","","","","","","","","","","","","",,,,,,,,,,,,,,,,,,,,,,,,,,,,,,,,,,,"ガンクツ","ガンクツ",,,,
"１対１","ノーマル","5","♂","scientistm_06","けんきゅういん","シュウヘイ","0","26","","","0","26","","","","","","","","","","","","","","","","","","","",,,,,,,,,,,,,,,,,,,,,,,,,,,,,,,,,,,"ゴスロ","バンビーナ",,,,
"１対１","ノーマル","5","♀","scientistw_04","けんきゅういん","ミサエ","0","26","","","0","26","","","","","","","","","","","","","","","","","","","",,,,,,,,,,,,,,,,,,,,,,,,,,,,,,,,,,,"バンビーナ","バンビーナ",,,,
"１対１","ノーマル","5","♂","veteranm_03","ベテラントレーナー","タイガ","0","40","","","0","41","","","","","","","","","","","","","","","","","","","",,,,,,,,,,,,,,,,,,,,,,,,,,,,,,,,,,,"ゴリダルマ","オーロッチ",,,,
"１対１","ノーマル","5","♀","veteranw_03","ベテラントレーナー","カナメ","0","40","","","0","41","","","","","","","","","","","","","","","","","","","",,,,,,,,,,,,,,,,,,,,,,,,,,,,,,,,,,,"エルフーン","シーイング",,,,
"１対１","ノーマル","5","♀","elitew_08","エリートトレーナー","アイリ","0","40","","","0","40","","","","","","","","","","","","","","","","","","","",,,,,,,,,,,,,,,,,,,,,,,,,,,,,,,,,,,"オノドン","ケンホロウ",,,,
"１対１","ノーマル","5","♂","elitem_08","エリートトレーナー","ケンゴ","0","40","","","0","40","","","","","","","","","","","","","","","","","","","",,,,,,,,,,,,,,,,,,,,,,,,,,,,,,,,,,,"ムカンデ","ギギアル",,,,
"１対１","ノーマル","5","♀","espw_05","サイキッカー","スズネ","0","31","","","0","31","","","","","","","","","","","","","","","","","","","",,,,,,,,,,,,,,,,,,,,,,,,,,,,,,,,,,,"ローソクン","ムシャーナ",,,,
"１対１","ノーマル","5","♀","elitew_09","エリートトレーナー","シオン","0","32","","","0","32","","","","","","","","","","","","","","","","","","","",,,,,,,,,,,,,,,,,,,,,,,,,,,,,,,,,,,"カセッキ","サボッテン",,,,
"１対１","ノーマル","5","♀","elitew_10","エリートトレーナー","サキ","0","42","","","0","42","","","","","","","","","","","","","","","","","","","",,,,,,,,,,,,,,,,,,,,,,,,,,,,,,,,,,,"ドラッコ","オノドン",,,,
"１対１","ノーマル","5","♀","elitew_11","エリートトレーナー","ナツキ","0","42","","","0","42","","","","","","","","","","","","","","","","","","","",,,,,,,,,,,,,,,,,,,,,,,,,,,,,,,,,,,"オノドン","ドラッコ",,,,
"１対１","ノーマル","5","♀","elitew_12","エリートトレーナー","ユウナ","0","42","","","0","42","","","","","","","","","","","","","","","","","","","",,,,,,,,,,,,,,,,,,,,,,,,,,,,,,,,,,,"ドラッコ","ドラッコ",,,,
"１対１","ノーマル","5","♀","elitew_13","エリートトレーナー","セリナ","0","42","","","0","42","","","","","","","","","","","","","","","","","","","",,,,,,,,,,,,,,,,,,,,,,,,,,,,,,,,,,,"オノドン","オーロッチ",,,,
"１対１","ノーマル","5","♂","elitem_09","エリートトレーナー","キョウスケ","0","32","","","0","32","","","","","","","","","","","","","","","","","","","",,,,,,,,,,,,,,,,,,,,,,,,,,,,,,,,,,,"ムカシドリ","ナスカドリ",,,,
"１対１","ノーマル","5","♂","elitem_10","エリートトレーナー","アズマ","0","42","","","0","42","","","","","","","","","","","","","","","","","","","",,,,,,,,,,,,,,,,,,,,,,,,,,,,,,,,,,,"オノドン","オノックス",,,,
"１対１","ノーマル","5","♂","elitem_11","エリートトレーナー","ユウト","0","42","","","0","42","","","","","","","","","","","","","","","","","","","",,,,,,,,,,,,,,,,,,,,,,,,,,,,,,,,,,,"オノドン","ドラーゴ",,,,
"１対１","ノーマル","5","♂","elitem_12","エリートトレーナー","イッセイ","0","42","","","0","42","","","","","","","","","","","","","","","","","","","",,,,,,,,,,,,,,,,,,,,,,,,,,,,,,,,,,,"ドラーゴ","オノドン",,,,
"１対１","ノーマル","5","♂","elitem_13","エリートトレーナー","キリュウ","0","42","","","0","42","","","","","","","","","","","","","","","","","","","",,,,,,,,,,,,,,,,,,,,,,,,,,,,,,,,,,,"オノドン","オノドン",,,,
"１対１","ノーマル","5","♂","veteranm_04","ベテラントレーナー","ユウゴ","0","42","","","0","43","","","","","","","","","","","","","","","","","","","",,,,,,,,,,,,,,,,,,,,,,,,,,,,,,,,,,,"ドラーゴ","オーロッチ",,,,
"１対１","ノーマル","5","♀","veteranw_04","ベテラントレーナー","ミソラ","0","42","","","0","43","","","","","","","","","","","","","","","","","","","",,,,,,,,,,,,,,,,,,,,,,,,,,,,,,,,,,,"オノドン","ドラーゴ",,,,
"１対１","ノーマル","5","♂","hakaim1_09","プラズマだん","したっぱ","0","34","","","0","34","","","","","","","","","","","","","","","","","","","",,,,,,,,,,,,,,,,,,,,,,,,,,,,,,,,,,,"ヤブクロン","ミルホッグ",,,,
"１対１","ノーマル","5","♂","hakaim1_10","プラズマだん","したっぱ","0","34","","","0","34","","","","","","","","","","","","","","","","","","","",,,,,,,,,,,,,,,,,,,,,,,,,,,,,,,,,,,"ヤブクロン","ヤブクロン",,,,
"１対１","ノーマル","5","♀","hakaiw1_04","プラズマだん","したっぱ","0","34","","","0","34","","","","","","","","","","","","","","","","","","","",,,,,,,,,,,,,,,,,,,,,,,,,,,,,,,,,,,"ミルホッグ","ヤブクロン",,,,
"１対１","ノーマル","5","♂","hakaim1_11","プラズマだん","したっぱ","0","18","","","0","18","","","","","","","","","","","","","","","","","","","",,,,,,,,,,,,,,,,,,,,,,,,,,,,,,,,,,,"ミルホッグ","ヤブクロン",,,,
