"廃墟：外周＆１階","D01R0101","","","なし","10","10","","","6","6","7","7","7","8","8","8","9","9","9","9","","","","","","","","","","","","","16","16","17","17","17","18","18","18","19","19","19","19","","","","","","","","","","","","","11","11","12","12","12","13","13","13","14","14","14","14","","","","","","","","","","","","","","","","","","","","","","","","","","","","","","","","","","","","","","","","","","","","","","","","","","","","","","","","","","","","","","","","","","","","","","","","","ミネズミ","ノラコ","ミネズミ","ノラコ","ムンナ","ミネズミ","ノラコ","ムンナ","ミネズミ","ノラコ","ミネズミ","ノラコ","ミネズミ","ノラコ","ミネズミ","ノラコ","ムンナ","ミネズミ","ノラコ","ムンナ","ミネズミ","ノラコ","ミネズミ","ノラコ","ミルホッグ","ノラニャー","ミルホッグ","ノラニャー","ムシャーナ","ミルホッグ","ノラニャー","ムシャーナ","ミルホッグ","ノラニャー","ミルホッグ","ミルホッグ",,,,,,,,,,,,,,,,,,,,,"","","","","","","","","","","","","","","","","","","","","","","","","","","","","","","","","","","","","","","","","","","","","","","","","","","","","","","","","","","","","","","","","","","","","","","","","","","","","","","","","","","","","","","","","","","","","","","","","","","","","","","","","","","","","","","","","","","","","","","","","","","","","","","","","","","","","","","","","",,,,,,,,,,,,,,,,,,,,,,,,,,,,,,,,,,,,,,,,,,,,,,,,,,,,,,,,
"廃墟：地下","D01R0201","","","なし","10","","","","6","6","7","7","7","8","8","8","9","9","9","9","","","","","","","","","","","","","","","","","","","","","","","","","","","","","","","","","","","","","","","","","","","","","","","","","","","","","","","","","","","","","","","","","","","","","","","","","","","","","","","","","","","","","","","","","","","","","","","","","","","","","","","","","","","","","","","","","","","","","","","","","ミネズミ","ノラコ","ミネズミ","ノラコ","ムンナ","ミネズミ","ノラコ","ムンナ","ミネズミ","ノラコ","ミネズミ","ノラコ",,,,,,,,,,,,,,,,,,,,,,,,,,,,,,,,,,,,,,,,,,,,,"","","","","","","","","","","","","","","","","","","","","","","","","","","","","","","","","","","","","","","","","","","","","","","","","","","","","","","","","","","","","","","","","","","","","","","","","","","","","","","","","","","","","","","","","","","","","","","","","","","","","","","","","","","","","","","","","","","","","","","","","","","","","","","","","","","","","","","","","",,,,,,,,,,,,,,,,,,,,,,,,,,,,,,,,,,,,,,,,,,,,,,,,,,,,,,,,
"ヤグルマの森：外部","D02","","","なし","10","10","","","10","11","10","12","11","12","13","13","13","13","13","13","","","","","","","","","","","","","20","21","20","22","21","22","23","23","23","23","23","23","","","","","","","","","","","","","15","16","15","17","16","17","18","18","18","18","18","18","","","","","","","","","","","","","","","","","","","","","","","","","","","","","","","","","","","","","","","","","","","","","","","","","","","","","","","","","","","","","","","","","","","","","","","","","マメパト","マメパト","チュリネ","マメパト","チュリネ","マメパト","マメパト","マメパト","セイヤー","チェストー","セイヤー","チェストー","マメパト","マメパト","チュリネ","マメパト","チュリネ","マメパト","マメパト","マメパト","セイヤー","チェストー","セイヤー","チェストー","ハトーボー","ハトーボー","ドレディア","ハトーボー","ドレディア","ハトーボー","ハトーボー","ハトーボー","セイヤー","チェストー","セイヤー","チェストー",,,,,,,,,,,,,,,,,,,,,"","","","","","","","","","","","","","","","","","","","","","","","","","","","","","","","","","","","","","","","","","","","","","","","","","","","","","","","","","","","","","","","","","","","","","","","","","","","","","","","","","","","","","","","","","","","","","","","","","","","","","","","","","","","","","","","","","","","","","","","","","","","","","","","","","","","","","","","","",,,,,,,,,,,,,,,,,,,,,,,,,,,,,,,,,,,,,,,,,,,,,,,,,,,,,,,,
"ヤグルマの森：内部","D02R0101","","","なし","10","10","10","50","12","12","14","13","13","14","14","14","15","15","15","15","","","","","","","","","","","","","22","22","24","23","23","24","24","24","25","25","25","25","","","","","","","","","","","","","17","17","19","18","18","19","19","19","20","20","20","20","","","","","","","","","","","","","10","15","10","15","10","15","10","15","10","15","","","","","","10","20","10","20","10","20","10","20","10","20","","","","","","10","15","10","15","10","15","10","15","10","15","","","","","","10","20","10","20","10","20","10","20","10","20","","","","","","チュリネ","クルミル","マメパト","チュリネ","クルミル","チュリネ","クルミル","ムカッテ","チュリネ","ムカッテ","チュリネ","ムカッテ","チュリネ","クルミル","マメパト","クルミル","チュリネ","マメパト","クルミル","チュリネ","クルミル","チュリネ","クルミル","チュリネ","クルマユ","クルマユ","ハトーボー","クルマユ","クルマユ","ハトーボー","クルマユ","クルマユ","ハハコモリ","ドレディア","ハハコモリ","ドレディア","プルンス","プルンス","プルンス","プルンス","プルンス","ピンボー","ピンボー","ピンボー","ピンボー","ピンボー","プルンス","プルンス","プルンス","プルンス","プルンス","ピンボー","ピンボー","ピンボー","ピンボー","ピンボー","","","","","","","","","","","","","","","","","","","","","","","","","","","","","","","","","","","","","","","","","","","","","","","","","","","","","","","","","","","","","","","","","","","","","","","","","","","","","","","","","","","","","","","","","","","","","","","","","","","","","","","","","","","","","","","","","","","","","","","","","","","","","","","","","","","","","","","","","",,,,,,,,,,,,,,,,,,,,,,,,,,,,,,,,,,,,,,,,,,,,,,,,,,,,,,,,
"砂漠：外部","D03","","","","10","","","","16","16","17","17","17","18","18","18","19","19","19","19","","","","","","","","","","","","","","","","","","","","","","","","","","","","","","","","","","","","","","","","","","","","","","","","","","","","","","","","","","","","","","","","","","","","","","","","","","","","","","","","","","","","","","","","","","","","","","","","","","","","","","","","","","","","","","","","","","","","","","","","","メグロコ","ヒダルマ","メグロコ","ヒダルマ","サボッテン","メグロコ","ヤドリ","サボッテン","サボッテン","ヤドリ","サボッテン","ヤドリ",,,,,,,,,,,,,,,,,,,,,,,,,,,,,,,,,,,,,,,,,,,,,"","","","","","","","","","","","","","","","","","","","","","","","","","","","","","","","","","","","","","","","","","","","","","","","","","","","","","","","","","","","","","","","","","","","","","","","","","","","","","","","","","","","","","","","","","","","","","","","","","","","","","","","","","","","","","","","","","","","","","","","","","","","","","","","","","","","","","","","","",,,,,,,,,,,,,,,,,,,,,,,,,,,,,,,,,,,,,,,,,,,,,,,,,,,,,,,,
"砂漠：内部","D03R0101","","","なし","10","","","","16","16","17","17","18","18","18","19","19","19","19","19","","","","","","","","","","","","","","","","","","","","","","","","","","","","","","","","","","","","","","","","","","","","","","","","","","","","","","","","","","","","","","","","","","","","","","","","","","","","","","","","","","","","","","","","","","","","","","","","","","","","","","","","","","","","","","","","","","","","","","","","","メグロコ","ヒダルマ","メグロコ","サボッテン","サボッテン","ヤドリ","ヤドリ","サボッテン","ナスカドリ","ヤドリ","ナスカドリ","ヤドリ",,,,,,,,,,,,,,,,,,,,,,,,,,,,,,,,,,,,,,,,,,,,,"","","","","","","","","","","","","","","","","","","","","","","","","","","","","","","","","","","","","","","","","","","","","","","","","","","","","","","","","","","","","","","","","","","","","","","","","","","","","","","","","","","","","","","","","","","","","","","","","","","","","","","","","","","","","","","","","","","","","","","","","","","","","","","","","","","","","","","","","",,,,,,,,,,,,,,,,,,,,,,,,,,,,,,,,,,,,,,,,,,,,,,,,,,,,,,,,
"遺跡：１階（クリア前）","D04R0101","","","洞窟","10","","","","16","16","17","17","17","18","18","18","19","19","19","19","","","","","","","","","","","","","","","","","","","","","","","","","","","","","","","","","","","","","16","16","17","17","17","18","18","18","19","19","19","19","","","","","","","","","","","","","","","","","","","","","","","","","","","","","","","","","","","","","","","","","","","","","","","","","","","","","","","","","","","","","","","","","","","","","","","","","カーメント","メグロコ","カーメント","カーメント","メグロコ","カーメント","カーメント","カーメント","カーメント","カーメント","カーメント","カーメント",,,,,,,,,,,,,"モグリュー","モグリュー","モグリュー","モグリュー","モグリュー","モグリュー","モグリュー","モグリュー","モグリュー","モグリュー","モグリュー","モグリュー",,,,,,,,,,,,,,,,,,,,,"","","","","","","","","","","","","","","","","","","","","","","","","","","","","","","","","","","","","","","","","","","","","","","","","","","","","","","","","","","","","","","","","","","","","","","","","","","","","","","","","","","","","","","","","","","","","","","","","","","","","","","","","","","","","","","","","","","","","","","","","","","","","","","","","","","","","","","","","",,,,,,,,,,,,,,,,,,,,,,,,,,,,,,,,,,,,,,,,,,,,,,,,,,,,,,,,
"遺跡：地下１階（クリア前）","D04R0201","","","洞窟","10","","","","16","16","17","17","17","18","18","18","19","19","19","19","","","","","","","","","","","","","","","","","","","","","","","","","","","","","","","","","","","","","16","16","17","17","17","18","18","18","19","19","19","19","","","","","","","","","","","","","","","","","","","","","","","","","","","","","","","","","","","","","","","","","","","","","","","","","","","","","","","","","","","","","","","","","","","","","","","","","カーメント","メグロコ","カーメント","カーメント","メグロコ","カーメント","カーメント","カーメント","カーメント","カーメント","カーメント","カーメント",,,,,,,,,,,,,"モグリュー","モグリュー","モグリュー","モグリュー","モグリュー","モグリュー","モグリュー","モグリュー","モグリュー","モグリュー","モグリュー","モグリュー",,,,,,,,,,,,,,,,,,,,,"","","","","","","","","","","","","","","","","","","","","","","","","","","","","","","","","","","","","","","","","","","","","","","","","","","","","","","","","","","","","","","","","","","","","","","","","","","","","","","","","","","","","","","","","","","","","","","","","","","","","","","","","","","","","","","","","","","","","","","","","","","","","","","","","","","","","","","","","",,,,,,,,,,,,,,,,,,,,,,,,,,,,,,,,,,,,,,,,,,,,,,,,,,,,,,,,
"遺跡：地下２階（クリア前）","D04R0301","","","洞窟","10","","","","14","14","15","15","14","15","16","16","17","17","17","17","","","","","","","","","","","","","","","","","","","","","","","","","","","","","","","","","","","","","14","14","15","15","14","15","16","16","17","17","17","17","","","","","","","","","","","","","","","","","","","","","","","","","","","","","","","","","","","","","","","","","","","","","","","","","","","","","","","","","","","","","","","","","","","","","","","","","カーメント","カーメント","カーメント","カーメント","カーメント","カーメント","カーメント","カーメント","カーメント","カーメント","カーメント","カーメント",,,,,,,,,,,,,"モグリュー","モグリュー","モグリュー","モグリュー","モグリュー","モグリュー","モグリュー","モグリュー","モグリュー","モグリュー","モグリュー","モグリュー",,,,,,,,,,,,,,,,,,,,,"","","","","","","","","","","","","","","","","","","","","","","","","","","","","","","","","","","","","","","","","","","","","","","","","","","","","","","","","","","","","","","","","","","","","","","","","","","","","","","","","","","","","","","","","","","","","","","","","","","","","","","","","","","","","","","","","","","","","","","","","","","","","","","","","","","","","","","","","",,,,,,,,,,,,,,,,,,,,,,,,,,,,,,,,,,,,,,,,,,,,,,,,,,,,,,,,
"遺跡：地下３階（クリア前）","D04R0401","","","洞窟","10","","","","14","14","15","15","14","15","16","16","17","17","17","17","","","","","","","","","","","","","","","","","","","","","","","","","","","","","","","","","","","","","14","14","15","15","14","15","16","16","17","17","17","17","","","","","","","","","","","","","","","","","","","","","","","","","","","","","","","","","","","","","","","","","","","","","","","","","","","","","","","","","","","","","","","","","","","","","","","","","カーメント","カーメント","カーメント","カーメント","カーメント","カーメント","カーメント","カーメント","カーメント","カーメント","カーメント","カーメント",,,,,,,,,,,,,"モグリュー","モグリュー","モグリュー","モグリュー","モグリュー","モグリュー","モグリュー","モグリュー","モグリュー","モグリュー","モグリュー","モグリュー",,,,,,,,,,,,,,,,,,,,,"","","","","","","","","","","","","","","","","","","","","","","","","","","","","","","","","","","","","","","","","","","","","","","","","","","","","","","","","","","","","","","","","","","","","","","","","","","","","","","","","","","","","","","","","","","","","","","","","","","","","","","","","","","","","","","","","","","","","","","","","","","","","","","","","","","","","","","","","",,,,,,,,,,,,,,,,,,,,,,,,,,,,,,,,,,,,,,,,,,,,,,,,,,,,,,,,
"遺跡：地下４階（クリア前）","D04R0501","","","洞窟","10","","","","14","14","15","15","14","15","16","16","17","17","17","17","","","","","","","","","","","","","","","","","","","","","","","","","","","","","","","","","","","","","14","14","15","15","14","15","16","16","17","17","17","17","","","","","","","","","","","","","","","","","","","","","","","","","","","","","","","","","","","","","","","","","","","","","","","","","","","","","","","","","","","","","","","","","","","","","","","","","カーメント","カーメント","カーメント","カーメント","カーメント","カーメント","カーメント","カーメント","カーメント","カーメント","カーメント","カーメント",,,,,,,,,,,,,"モグリュー","モグリュー","モグリュー","モグリュー","モグリュー","モグリュー","モグリュー","モグリュー","モグリュー","モグリュー","モグリュー","モグリュー",,,,,,,,,,,,,,,,,,,,,"","","","","","","","","","","","","","","","","","","","","","","","","","","","","","","","","","","","","","","","","","","","","","","","","","","","","","","","","","","","","","","","","","","","","","","","","","","","","","","","","","","","","","","","","","","","","","","","","","","","","","","","","","","","","","","","","","","","","","","","","","","","","","","","","","","","","","","","","",,,,,,,,,,,,,,,,,,,,,,,,,,,,,,,,,,,,,,,,,,,,,,,,,,,,,,,,
"遺跡：地下５階　遺跡からの入り口（クリア前）","D04R0601","","","洞窟","10","","","","14","14","15","15","14","15","16","16","17","17","17","17","","","","","","","","","","","","","","","","","","","","","","","","","","","","","","","","","","","","","14","14","15","15","14","15","16","16","17","17","17","17","","","","","","","","","","","","","","","","","","","","","","","","","","","","","","","","","","","","","","","","","","","","","","","","","","","","","","","","","","","","","","","","","","","","","","","","","カーメント","カーメント","カーメント","カーメント","カーメント","カーメント","カーメント","カーメント","カーメント","カーメント","カーメント","カーメント",,,,,,,,,,,,,"モグリュー","モグリュー","モグリュー","モグリュー","モグリュー","モグリュー","モグリュー","モグリュー","モグリュー","モグリュー","モグリュー","モグリュー",,,,,,,,,,,,,,,,,,,,,"","","","","","","","","","","","","","","","","","","","","","","","","","","","","","","","","","","","","","","","","","","","","","","","","","","","","","","","","","","","","","","","","","","","","","","","","","","","","","","","","","","","","","","","","","","","","","","","","","","","","","","","","","","","","","","","","","","","","","","","","","","","","","","","","","","","","","","","","",,,,,,,,,,,,,,,,,,,,,,,,,,,,,,,,,,,,,,,,,,,,,,,,,,,,,,,,
"遺跡：地下５階　塔からの入り口（クリア前）","D04R0701","","","洞窟","10","","","","14","14","15","15","14","15","16","16","17","17","17","17","","","","","","","","","","","","","","","","","","","","","","","","","","","","","","","","","","","","","14","14","15","15","14","15","16","16","17","17","17","17","","","","","","","","","","","","","","","","","","","","","","","","","","","","","","","","","","","","","","","","","","","","","","","","","","","","","","","","","","","","","","","","","","","","","","","","","カーメント","カーメント","カーメント","カーメント","カーメント","カーメント","カーメント","カーメント","カーメント","カーメント","カーメント","カーメント",,,,,,,,,,,,,"モグリュー","モグリュー","モグリュー","モグリュー","モグリュー","モグリュー","モグリュー","モグリュー","モグリュー","モグリュー","モグリュー","モグリュー",,,,,,,,,,,,,,,,,,,,,"","","","","","","","","","","","","","","","","","","","","","","","","","","","","","","","","","","","","","","","","","","","","","","","","","","","","","","","","","","","","","","","","","","","","","","","","","","","","","","","","","","","","","","","","","","","","","","","","","","","","","","","","","","","","","","","","","","","","","","","","","","","","","","","","","","","","","","","","",,,,,,,,,,,,,,,,,,,,,,,,,,,,,,,,,,,,,,,,,,,,,,,,,,,,,,,,
"遺跡：地下５階（クリア前）","D04R0801","","","洞窟","10","","","","14","14","15","15","14","15","16","16","17","17","17","17","","","","","","","","","","","","","","","","","","","","","","","","","","","","","","","","","","","","","14","14","15","15","14","15","16","16","17","17","17","17","","","","","","","","","","","","","","","","","","","","","","","","","","","","","","","","","","","","","","","","","","","","","","","","","","","","","","","","","","","","","","","","","","","","","","","","","カーメント","カーメント","カーメント","カーメント","カーメント","カーメント","カーメント","カーメント","カーメント","カーメント","カーメント","カーメント",,,,,,,,,,,,,"モグリュー","モグリュー","モグリュー","モグリュー","モグリュー","モグリュー","モグリュー","モグリュー","モグリュー","モグリュー","モグリュー","モグリュー",,,,,,,,,,,,,,,,,,,,,"","","","","","","","","","","","","","","","","","","","","","","","","","","","","","","","","","","","","","","","","","","","","","","","","","","","","","","","","","","","","","","","","","","","","","","","","","","","","","","","","","","","","","","","","","","","","","","","","","","","","","","","","","","","","","","","","","","","","","","","","","","","","","","","","","","","","","","","","",,,,,,,,,,,,,,,,,,,,,,,,,,,,,,,,,,,,,,,,,,,,,,,,,,,,,,,,
"遺跡：地下５階（クリア前）","D04R0901","","","洞窟","10","","","","14","14","15","15","14","15","16","16","17","17","17","17","","","","","","","","","","","","","","","","","","","","","","","","","","","","","","","","","","","","","14","14","15","15","14","15","16","16","17","17","17","17","","","","","","","","","","","","","","","","","","","","","","","","","","","","","","","","","","","","","","","","","","","","","","","","","","","","","","","","","","","","","","","","","","","","","","","","","カーメント","カーメント","カーメント","カーメント","カーメント","カーメント","カーメント","カーメント","カーメント","カーメント","カーメント","カーメント",,,,,,,,,,,,,"モグリュー","モグリュー","モグリュー","モグリュー","モグリュー","モグリュー","モグリュー","モグリュー","モグリュー","モグリュー","モグリュー","モグリュー",,,,,,,,,,,,,,,,,,,,,"","","","","","","","","","","","","","","","","","","","","","","","","","","","","","","","","","","","","","","","","","","","","","","","","","","","","","","","","","","","","","","","","","","","","","","","","","","","","","","","","","","","","","","","","","","","","","","","","","","","","","","","","","","","","","","","","","","","","","","","","","","","","","","","","","","","","","","","","",,,,,,,,,,,,,,,,,,,,,,,,,,,,,,,,,,,,,,,,,,,,,,,,,,,,,,,,
"遺跡：地下５階（クリア前）","D04R1001","","","洞窟","10","","","","14","14","15","15","14","15","16","16","17","17","17","17","","","","","","","","","","","","","","","","","","","","","","","","","","","","","","","","","","","","","14","14","15","15","14","15","16","16","17","17","17","17","","","","","","","","","","","","","","","","","","","","","","","","","","","","","","","","","","","","","","","","","","","","","","","","","","","","","","","","","","","","","","","","","","","","","","","","","カーメント","カーメント","カーメント","カーメント","カーメント","カーメント","カーメント","カーメント","カーメント","カーメント","カーメント","カーメント",,,,,,,,,,,,,"モグリュー","モグリュー","モグリュー","モグリュー","モグリュー","モグリュー","モグリュー","モグリュー","モグリュー","モグリュー","モグリュー","モグリュー",,,,,,,,,,,,,,,,,,,,,"","","","","","","","","","","","","","","","","","","","","","","","","","","","","","","","","","","","","","","","","","","","","","","","","","","","","","","","","","","","","","","","","","","","","","","","","","","","","","","","","","","","","","","","","","","","","","","","","","","","","","","","","","","","","","","","","","","","","","","","","","","","","","","","","","","","","","","","","",,,,,,,,,,,,,,,,,,,,,,,,,,,,,,,,,,,,,,,,,,,,,,,,,,,,,,,,
"遺跡：地下５階（クリア前）","D04R1101","","","洞窟","10","","","","14","14","15","15","14","15","16","16","17","17","17","17","","","","","","","","","","","","","","","","","","","","","","","","","","","","","","","","","","","","","14","14","15","15","14","15","16","16","17","17","17","17","","","","","","","","","","","","","","","","","","","","","","","","","","","","","","","","","","","","","","","","","","","","","","","","","","","","","","","","","","","","","","","","","","","","","","","","","カーメント","カーメント","カーメント","カーメント","カーメント","カーメント","カーメント","カーメント","カーメント","カーメント","カーメント","カーメント",,,,,,,,,,,,,"モグリュー","モグリュー","モグリュー","モグリュー","モグリュー","モグリュー","モグリュー","モグリュー","モグリュー","モグリュー","モグリュー","モグリュー",,,,,,,,,,,,,,,,,,,,,"","","","","","","","","","","","","","","","","","","","","","","","","","","","","","","","","","","","","","","","","","","","","","","","","","","","","","","","","","","","","","","","","","","","","","","","","","","","","","","","","","","","","","","","","","","","","","","","","","","","","","","","","","","","","","","","","","","","","","","","","","","","","","","","","","","","","","","","","",,,,,,,,,,,,,,,,,,,,,,,,,,,,,,,,,,,,,,,,,,,,,,,,,,,,,,,,
"遺跡：地下５階（クリア前）","D04R1201","","","洞窟","10","","","","14","14","15","15","14","15","16","16","17","17","17","17","","","","","","","","","","","","","","","","","","","","","","","","","","","","","","","","","","","","","14","14","15","15","14","15","16","16","17","17","17","17","","","","","","","","","","","","","","","","","","","","","","","","","","","","","","","","","","","","","","","","","","","","","","","","","","","","","","","","","","","","","","","","","","","","","","","","","カーメント","カーメント","カーメント","カーメント","カーメント","カーメント","カーメント","カーメント","カーメント","カーメント","カーメント","カーメント",,,,,,,,,,,,,"モグリュー","モグリュー","モグリュー","モグリュー","モグリュー","モグリュー","モグリュー","モグリュー","モグリュー","モグリュー","モグリュー","モグリュー",,,,,,,,,,,,,,,,,,,,,"","","","","","","","","","","","","","","","","","","","","","","","","","","","","","","","","","","","","","","","","","","","","","","","","","","","","","","","","","","","","","","","","","","","","","","","","","","","","","","","","","","","","","","","","","","","","","","","","","","","","","","","","","","","","","","","","","","","","","","","","","","","","","","","","","","","","","","","","",,,,,,,,,,,,,,,,,,,,,,,,,,,,,,,,,,,,,,,,,,,,,,,,,,,,,,,,
"遺跡：地下５階（クリア前）","D04R1301","","","洞窟","10","","","","14","14","15","15","14","15","16","16","17","17","17","17","","","","","","","","","","","","","","","","","","","","","","","","","","","","","","","","","","","","","14","14","15","15","14","15","16","16","17","17","17","17","","","","","","","","","","","","","","","","","","","","","","","","","","","","","","","","","","","","","","","","","","","","","","","","","","","","","","","","","","","","","","","","","","","","","","","","","カーメント","カーメント","カーメント","カーメント","カーメント","カーメント","カーメント","カーメント","カーメント","カーメント","カーメント","カーメント",,,,,,,,,,,,,"モグリュー","モグリュー","モグリュー","モグリュー","モグリュー","モグリュー","モグリュー","モグリュー","モグリュー","モグリュー","モグリュー","モグリュー",,,,,,,,,,,,,,,,,,,,,"","","","","","","","","","","","","","","","","","","","","","","","","","","","","","","","","","","","","","","","","","","","","","","","","","","","","","","","","","","","","","","","","","","","","","","","","","","","","","","","","","","","","","","","","","","","","","","","","","","","","","","","","","","","","","","","","","","","","","","","","","","","","","","","","","","","","","","","","",,,,,,,,,,,,,,,,,,,,,,,,,,,,,,,,,,,,,,,,,,,,,,,,,,,,,,,,
"遺跡：地下５階（クリア前）","D04R1401","","","洞窟","10","","","","14","14","15","15","14","15","16","16","17","17","17","17","","","","","","","","","","","","","","","","","","","","","","","","","","","","","","","","","","","","","14","14","15","15","14","15","16","16","17","17","17","17","","","","","","","","","","","","","","","","","","","","","","","","","","","","","","","","","","","","","","","","","","","","","","","","","","","","","","","","","","","","","","","","","","","","","","","","","カーメント","カーメント","カーメント","カーメント","カーメント","カーメント","カーメント","カーメント","カーメント","カーメント","カーメント","カーメント",,,,,,,,,,,,,"モグリュー","モグリュー","モグリュー","モグリュー","モグリュー","モグリュー","モグリュー","モグリュー","モグリュー","モグリュー","モグリュー","モグリュー",,,,,,,,,,,,,,,,,,,,,"","","","","","","","","","","","","","","","","","","","","","","","","","","","","","","","","","","","","","","","","","","","","","","","","","","","","","","","","","","","","","","","","","","","","","","","","","","","","","","","","","","","","","","","","","","","","","","","","","","","","","","","","","","","","","","","","","","","","","","","","","","","","","","","","","","","","","","","","",,,,,,,,,,,,,,,,,,,,,,,,,,,,,,,,,,,,,,,,,,,,,,,,,,,,,,,,
"遺跡：地下５階（クリア前）","D04R1501","","","洞窟","10","","","","14","14","15","15","14","15","16","16","17","17","17","17","","","","","","","","","","","","","","","","","","","","","","","","","","","","","","","","","","","","","14","14","15","15","14","15","16","16","17","17","17","17","","","","","","","","","","","","","","","","","","","","","","","","","","","","","","","","","","","","","","","","","","","","","","","","","","","","","","","","","","","","","","","","","","","","","","","","","カーメント","カーメント","カーメント","カーメント","カーメント","カーメント","カーメント","カーメント","カーメント","カーメント","カーメント","カーメント",,,,,,,,,,,,,"モグリュー","モグリュー","モグリュー","モグリュー","モグリュー","モグリュー","モグリュー","モグリュー","モグリュー","モグリュー","モグリュー","モグリュー",,,,,,,,,,,,,,,,,,,,,"","","","","","","","","","","","","","","","","","","","","","","","","","","","","","","","","","","","","","","","","","","","","","","","","","","","","","","","","","","","","","","","","","","","","","","","","","","","","","","","","","","","","","","","","","","","","","","","","","","","","","","","","","","","","","","","","","","","","","","","","","","","","","","","","","","","","","","","","",,,,,,,,,,,,,,,,,,,,,,,,,,,,,,,,,,,,,,,,,,,,,,,,,,,,,,,,
"遺跡：地下５階（クリア前）","D04R1601","","","洞窟","10","","","","14","14","15","15","14","15","16","16","17","17","17","17","","","","","","","","","","","","","","","","","","","","","","","","","","","","","","","","","","","","","14","14","15","15","14","15","16","16","17","17","17","17","","","","","","","","","","","","","","","","","","","","","","","","","","","","","","","","","","","","","","","","","","","","","","","","","","","","","","","","","","","","","","","","","","","","","","","","","カーメント","カーメント","カーメント","カーメント","カーメント","カーメント","カーメント","カーメント","カーメント","カーメント","カーメント","カーメント",,,,,,,,,,,,,"モグリュー","モグリュー","モグリュー","モグリュー","モグリュー","モグリュー","モグリュー","モグリュー","モグリュー","モグリュー","モグリュー","モグリュー",,,,,,,,,,,,,,,,,,,,,"","","","","","","","","","","","","","","","","","","","","","","","","","","","","","","","","","","","","","","","","","","","","","","","","","","","","","","","","","","","","","","","","","","","","","","","","","","","","","","","","","","","","","","","","","","","","","","","","","","","","","","","","","","","","","","","","","","","","","","","","","","","","","","","","","","","","","","","","",,,,,,,,,,,,,,,,,,,,,,,,,,,,,,,,,,,,,,,,,,,,,,,,,,,,,,,,
"遺跡：地下５階（クリア前）","D04R1701","","","洞窟","10","","","","14","14","15","15","14","15","16","16","17","17","17","17","","","","","","","","","","","","","","","","","","","","","","","","","","","","","","","","","","","","","14","14","15","15","14","15","16","16","17","17","17","17","","","","","","","","","","","","","","","","","","","","","","","","","","","","","","","","","","","","","","","","","","","","","","","","","","","","","","","","","","","","","","","","","","","","","","","","","カーメント","カーメント","カーメント","カーメント","カーメント","カーメント","カーメント","カーメント","カーメント","カーメント","カーメント","カーメント",,,,,,,,,,,,,"モグリュー","モグリュー","モグリュー","モグリュー","モグリュー","モグリュー","モグリュー","モグリュー","モグリュー","モグリュー","モグリュー","モグリュー",,,,,,,,,,,,,,,,,,,,,"","","","","","","","","","","","","","","","","","","","","","","","","","","","","","","","","","","","","","","","","","","","","","","","","","","","","","","","","","","","","","","","","","","","","","","","","","","","","","","","","","","","","","","","","","","","","","","","","","","","","","","","","","","","","","","","","","","","","","","","","","","","","","","","","","","","","","","","","",,,,,,,,,,,,,,,,,,,,,,,,,,,,,,,,,,,,,,,,,,,,,,,,,,,,,,,,
"遺跡：地下５階（クリア前）","D04R1801","","","洞窟","10","","","","14","14","15","15","14","15","16","16","17","17","17","17","","","","","","","","","","","","","","","","","","","","","","","","","","","","","","","","","","","","","14","14","15","15","14","15","16","16","17","17","17","17","","","","","","","","","","","","","","","","","","","","","","","","","","","","","","","","","","","","","","","","","","","","","","","","","","","","","","","","","","","","","","","","","","","","","","","","","カーメント","カーメント","カーメント","カーメント","カーメント","カーメント","カーメント","カーメント","カーメント","カーメント","カーメント","カーメント",,,,,,,,,,,,,"モグリュー","モグリュー","モグリュー","モグリュー","モグリュー","モグリュー","モグリュー","モグリュー","モグリュー","モグリュー","モグリュー","モグリュー",,,,,,,,,,,,,,,,,,,,,"","","","","","","","","","","","","","","","","","","","","","","","","","","","","","","","","","","","","","","","","","","","","","","","","","","","","","","","","","","","","","","","","","","","","","","","","","","","","","","","","","","","","","","","","","","","","","","","","","","","","","","","","","","","","","","","","","","","","","","","","","","","","","","","","","","","","","","","","",,,,,,,,,,,,,,,,,,,,,,,,,,,,,,,,,,,,,,,,,,,,,,,,,,,,,,,,
"遺跡：地下５階（クリア前）","D04R1901","","","洞窟","10","","","","14","14","15","15","14","15","16","16","17","17","17","17","","","","","","","","","","","","","","","","","","","","","","","","","","","","","","","","","","","","","14","14","15","15","14","15","16","16","17","17","17","17","","","","","","","","","","","","","","","","","","","","","","","","","","","","","","","","","","","","","","","","","","","","","","","","","","","","","","","","","","","","","","","","","","","","","","","","","カーメント","カーメント","カーメント","カーメント","カーメント","カーメント","カーメント","カーメント","カーメント","カーメント","カーメント","カーメント",,,,,,,,,,,,,"モグリュー","モグリュー","モグリュー","モグリュー","モグリュー","モグリュー","モグリュー","モグリュー","モグリュー","モグリュー","モグリュー","モグリュー",,,,,,,,,,,,,,,,,,,,,"","","","","","","","","","","","","","","","","","","","","","","","","","","","","","","","","","","","","","","","","","","","","","","","","","","","","","","","","","","","","","","","","","","","","","","","","","","","","","","","","","","","","","","","","","","","","","","","","","","","","","","","","","","","","","","","","","","","","","","","","","","","","","","","","","","","","","","","","",,,,,,,,,,,,,,,,,,,,,,,,,,,,,,,,,,,,,,,,,,,,,,,,,,,,,,,,
"遺跡：地下５階（クリア前）","D04R2001","","","洞窟","10","","","","14","14","15","15","14","15","16","16","17","17","17","17","","","","","","","","","","","","","","","","","","","","","","","","","","","","","","","","","","","","","14","14","15","15","14","15","16","16","17","17","17","17","","","","","","","","","","","","","","","","","","","","","","","","","","","","","","","","","","","","","","","","","","","","","","","","","","","","","","","","","","","","","","","","","","","","","","","","","カーメント","カーメント","カーメント","カーメント","カーメント","カーメント","カーメント","カーメント","カーメント","カーメント","カーメント","カーメント",,,,,,,,,,,,,"モグリュー","モグリュー","モグリュー","モグリュー","モグリュー","モグリュー","モグリュー","モグリュー","モグリュー","モグリュー","モグリュー","モグリュー",,,,,,,,,,,,,,,,,,,,,"","","","","","","","","","","","","","","","","","","","","","","","","","","","","","","","","","","","","","","","","","","","","","","","","","","","","","","","","","","","","","","","","","","","","","","","","","","","","","","","","","","","","","","","","","","","","","","","","","","","","","","","","","","","","","","","","","","","","","","","","","","","","","","","","","","","","","","","","",,,,,,,,,,,,,,,,,,,,,,,,,,,,,,,,,,,,,,,,,,,,,,,,,,,,,,,,
"遺跡：地下５階（クリア前）","D04R2101","","","洞窟","10","","","","14","14","15","15","14","15","16","16","17","17","17","17","","","","","","","","","","","","","","","","","","","","","","","","","","","","","","","","","","","","","14","14","15","15","14","15","16","16","17","17","17","17","","","","","","","","","","","","","","","","","","","","","","","","","","","","","","","","","","","","","","","","","","","","","","","","","","","","","","","","","","","","","","","","","","","","","","","","","カーメント","カーメント","カーメント","カーメント","カーメント","カーメント","カーメント","カーメント","カーメント","カーメント","カーメント","カーメント",,,,,,,,,,,,,"モグリュー","モグリュー","モグリュー","モグリュー","モグリュー","モグリュー","モグリュー","モグリュー","モグリュー","モグリュー","モグリュー","モグリュー",,,,,,,,,,,,,,,,,,,,,"","","","","","","","","","","","","","","","","","","","","","","","","","","","","","","","","","","","","","","","","","","","","","","","","","","","","","","","","","","","","","","","","","","","","","","","","","","","","","","","","","","","","","","","","","","","","","","","","","","","","","","","","","","","","","","","","","","","","","","","","","","","","","","","","","","","","","","","","",,,,,,,,,,,,,,,,,,,,,,,,,,,,,,,,,,,,,,,,,,,,,,,,,,,,,,,,
"遺跡：地下５階　王の間前（クリア前）","D04R2201","","","洞窟","10","","","","14","14","15","15","14","15","16","16","17","17","17","17","","","","","","","","","","","","","","","","","","","","","","","","","","","","","","","","","","","","","14","14","15","15","14","15","16","16","17","17","17","17","","","","","","","","","","","","","","","","","","","","","","","","","","","","","","","","","","","","","","","","","","","","","","","","","","","","","","","","","","","","","","","","","","","","","","","","","カーメント","カーメント","カーメント","カーメント","カーメント","カーメント","カーメント","カーメント","カーメント","カーメント","カーメント","カーメント",,,,,,,,,,,,,"モグリュー","モグリュー","モグリュー","モグリュー","モグリュー","モグリュー","モグリュー","モグリュー","モグリュー","モグリュー","モグリュー","モグリュー",,,,,,,,,,,,,,,,,,,,,"","","","","","","","","","","","","","","","","","","","","","","","","","","","","","","","","","","","","","","","","","","","","","","","","","","","","","","","","","","","","","","","","","","","","","","","","","","","","","","","","","","","","","","","","","","","","","","","","","","","","","","","","","","","","","","","","","","","","","","","","","","","","","","","","","","","","","","","","",,,,,,,,,,,,,,,,,,,,,,,,,,,,,,,,,,,,,,,,,,,,,,,,,,,,,,,,
"遺跡：地下５階　王の間（クリア前）","D04R2301","","","洞窟","10","","","","14","14","15","15","14","15","16","16","17","17","17","17","","","","","","","","","","","","","","","","","","","","","","","","","","","","","","","","","","","","","14","14","15","15","14","15","16","16","17","17","17","17","","","","","","","","","","","","","","","","","","","","","","","","","","","","","","","","","","","","","","","","","","","","","","","","","","","","","","","","","","","","","","","","","","","","","","","","","カーメント","カーメント","カーメント","カーメント","カーメント","カーメント","カーメント","カーメント","カーメント","カーメント","カーメント","カーメント",,,,,,,,,,,,,"モグリュー","モグリュー","モグリュー","モグリュー","モグリュー","モグリュー","モグリュー","モグリュー","モグリュー","モグリュー","モグリュー","モグリュー",,,,,,,,,,,,,,,,,,,,,"","","","","","","","","","","","","","","","","","","","","","","","","","","","","","","","","","","","","","","","","","","","","","","","","","","","","","","","","","","","","","","","","","","","","","","","","","","","","","","","","","","","","","","","","","","","","","","","","","","","","","","","","","","","","","","","","","","","","","","","","","","","","","","","","","","","","","","","","",,,,,,,,,,,,,,,,,,,,,,,,,,,,,,,,,,,,,,,,,,,,,,,,,,,,,,,,
"遺跡：地下４階　（クリア後）","D04R2401","","","洞窟","10","","","","14","14","15","15","14","15","16","16","17","17","17","17","","","","","","","","","","","","","","","","","","","","","","","","","","","","","","","","","","","","","14","14","15","15","14","15","16","16","17","17","17","17","","","","","","","","","","","","","","","","","","","","","","","","","","","","","","","","","","","","","","","","","","","","","","","","","","","","","","","","","","","","","","","","","","","","","","","","","カーメント","カーメント","カーメント","カーメント","カーメント","カーメント","カーメント","カーメント","カーメント","カーメント","カーメント","カーメント",,,,,,,,,,,,,"モグリュー","モグリュー","モグリュー","モグリュー","モグリュー","モグリュー","モグリュー","モグリュー","モグリュー","モグリュー","モグリュー","モグリュー",,,,,,,,,,,,,,,,,,,,,"","","","","","","","","","","","","","","","","","","","","","","","","","","","","","","","","","","","","","","","","","","","","","","","","","","","","","","","","","","","","","","","","","","","","","","","","","","","","","","","","","","","","","","","","","","","","","","","","","","","","","","","","","","","","","","","","","","","","","","","","","","","","","","","","","","","","","","","","",,,,,,,,,,,,,,,,,,,,,,,,,,,,,,,,,,,,,,,,,,,,,,,,,,,,,,,,
"遺跡：地下３階　（クリア後）","D04R2501","","","洞窟","10","","","","14","14","15","15","14","15","16","16","17","17","17","17","","","","","","","","","","","","","","","","","","","","","","","","","","","","","","","","","","","","","14","14","15","15","14","15","16","16","17","17","17","17","","","","","","","","","","","","","","","","","","","","","","","","","","","","","","","","","","","","","","","","","","","","","","","","","","","","","","","","","","","","","","","","","","","","","","","","","カーメント","カーメント","カーメント","カーメント","カーメント","カーメント","カーメント","カーメント","カーメント","カーメント","カーメント","カーメント",,,,,,,,,,,,,"モグリュー","モグリュー","モグリュー","モグリュー","モグリュー","モグリュー","モグリュー","モグリュー","モグリュー","モグリュー","モグリュー","モグリュー",,,,,,,,,,,,,,,,,,,,,"","","","","","","","","","","","","","","","","","","","","","","","","","","","","","","","","","","","","","","","","","","","","","","","","","","","","","","","","","","","","","","","","","","","","","","","","","","","","","","","","","","","","","","","","","","","","","","","","","","","","","","","","","","","","","","","","","","","","","","","","","","","","","","","","","","","","","","","","",,,,,,,,,,,,,,,,,,,,,,,,,,,,,,,,,,,,,,,,,,,,,,,,,,,,,,,,
"遺跡：地下４階　（クリア後）","D04R2601","","","洞窟","10","","","","14","14","15","15","14","15","16","16","17","17","17","17","","","","","","","","","","","","","","","","","","","","","","","","","","","","","","","","","","","","","14","14","15","15","14","15","16","16","17","17","17","17","","","","","","","","","","","","","","","","","","","","","","","","","","","","","","","","","","","","","","","","","","","","","","","","","","","","","","","","","","","","","","","","","","","","","","","","","カーメント","カーメント","カーメント","カーメント","カーメント","カーメント","カーメント","カーメント","カーメント","カーメント","カーメント","カーメント",,,,,,,,,,,,,"モグリュー","モグリュー","モグリュー","モグリュー","モグリュー","モグリュー","モグリュー","モグリュー","モグリュー","モグリュー","モグリュー","モグリュー",,,,,,,,,,,,,,,,,,,,,"","","","","","","","","","","","","","","","","","","","","","","","","","","","","","","","","","","","","","","","","","","","","","","","","","","","","","","","","","","","","","","","","","","","","","","","","","","","","","","","","","","","","","","","","","","","","","","","","","","","","","","","","","","","","","","","","","","","","","","","","","","","","","","","","","","","","","","","","",,,,,,,,,,,,,,,,,,,,,,,,,,,,,,,,,,,,,,,,,,,,,,,,,,,,,,,,
"遺跡：２階（クリア後）","D04R2801","","","洞窟","10","","","","14","14","15","15","14","15","16","16","17","17","17","17","","","","","","","","","","","","","","","","","","","","","","","","","","","","","","","","","","","","","14","14","15","15","14","15","16","16","17","17","17","17","","","","","","","","","","","","","","","","","","","","","","","","","","","","","","","","","","","","","","","","","","","","","","","","","","","","","","","","","","","","","","","","","","","","","","","","","カーメント","カーメント","カーメント","カーメント","カーメント","カーメント","カーメント","カーメント","カーメント","カーメント","カーメント","カーメント",,,,,,,,,,,,,"モグリュー","モグリュー","モグリュー","モグリュー","モグリュー","モグリュー","モグリュー","モグリュー","モグリュー","モグリュー","モグリュー","モグリュー",,,,,,,,,,,,,,,,,,,,,"","","","","","","","","","","","","","","","","","","","","","","","","","","","","","","","","","","","","","","","","","","","","","","","","","","","","","","","","","","","","","","","","","","","","","","","","","","","","","","","","","","","","","","","","","","","","","","","","","","","","","","","","","","","","","","","","","","","","","","","","","","","","","","","","","","","","","","","","",,,,,,,,,,,,,,,,,,,,,,,,,,,,,,,,,,,,,,,,,,,,,,,,,,,,,,,,
"砂漠の塔：地下４階","D04R2901","","","洞窟","10","","","","14","14","15","15","14","15","16","16","17","17","17","17","","","","","","","","","","","","","","","","","","","","","","","","","","","","","","","","","","","","","14","14","15","15","14","15","16","16","17","17","17","17","","","","","","","","","","","","","","","","","","","","","","","","","","","","","","","","","","","","","","","","","","","","","","","","","","","","","","","","","","","","","","","","","","","","","","","","","カーメント","カーメント","カーメント","カーメント","カーメント","カーメント","カーメント","カーメント","カーメント","カーメント","カーメント","カーメント",,,,,,,,,,,,,"モグリュー","モグリュー","モグリュー","モグリュー","モグリュー","モグリュー","モグリュー","モグリュー","モグリュー","モグリュー","モグリュー","モグリュー",,,,,,,,,,,,,,,,,,,,,"","","","","","","","","","","","","","","","","","","","","","","","","","","","","","","","","","","","","","","","","","","","","","","","","","","","","","","","","","","","","","","","","","","","","","","","","","","","","","","","","","","","","","","","","","","","","","","","","","","","","","","","","","","","","","","","","","","","","","","","","","","","","","","","","","","","","","","","","",,,,,,,,,,,,,,,,,,,,,,,,,,,,,,,,,,,,,,,,,,,,,,,,,,,,,,,,
"砂漠の塔：地下４階（クリア後）","D04R3001","","","洞窟","10","","","","14","14","15","15","14","15","16","16","17","17","17","17","","","","","","","","","","","","","","","","","","","","","","","","","","","","","","","","","","","","","14","14","15","15","14","15","16","16","17","17","17","17","","","","","","","","","","","","","","","","","","","","","","","","","","","","","","","","","","","","","","","","","","","","","","","","","","","","","","","","","","","","","","","","","","","","","","","","","カーメント","カーメント","カーメント","カーメント","カーメント","カーメント","カーメント","カーメント","カーメント","カーメント","カーメント","カーメント",,,,,,,,,,,,,"モグリュー","モグリュー","モグリュー","モグリュー","モグリュー","モグリュー","モグリュー","モグリュー","モグリュー","モグリュー","モグリュー","モグリュー",,,,,,,,,,,,,,,,,,,,,"","","","","","","","","","","","","","","","","","","","","","","","","","","","","","","","","","","","","","","","","","","","","","","","","","","","","","","","","","","","","","","","","","","","","","","","","","","","","","","","","","","","","","","","","","","","","","","","","","","","","","","","","","","","","","","","","","","","","","","","","","","","","","","","","","","","","","","","","",,,,,,,,,,,,,,,,,,,,,,,,,,,,,,,,,,,,,,,,,,,,,,,,,,,,,,,,
"砂漠の塔：地下３階","D04R3101","","","洞窟","10","","","","14","14","15","15","14","15","16","16","17","17","17","17","","","","","","","","","","","","","","","","","","","","","","","","","","","","","","","","","","","","","14","14","15","15","14","15","16","16","17","17","17","17","","","","","","","","","","","","","","","","","","","","","","","","","","","","","","","","","","","","","","","","","","","","","","","","","","","","","","","","","","","","","","","","","","","","","","","","","カーメント","カーメント","カーメント","カーメント","カーメント","カーメント","カーメント","カーメント","カーメント","カーメント","カーメント","カーメント",,,,,,,,,,,,,"モグリュー","モグリュー","モグリュー","モグリュー","モグリュー","モグリュー","モグリュー","モグリュー","モグリュー","モグリュー","モグリュー","モグリュー",,,,,,,,,,,,,,,,,,,,,"","","","","","","","","","","","","","","","","","","","","","","","","","","","","","","","","","","","","","","","","","","","","","","","","","","","","","","","","","","","","","","","","","","","","","","","","","","","","","","","","","","","","","","","","","","","","","","","","","","","","","","","","","","","","","","","","","","","","","","","","","","","","","","","","","","","","","","","","",,,,,,,,,,,,,,,,,,,,,,,,,,,,,,,,,,,,,,,,,,,,,,,,,,,,,,,,
"砂漠の塔：地下２階","D04R3201","","","洞窟","10","","","","14","14","15","15","14","15","16","16","17","17","17","17","","","","","","","","","","","","","","","","","","","","","","","","","","","","","","","","","","","","","14","14","15","15","14","15","16","16","17","17","17","17","","","","","","","","","","","","","","","","","","","","","","","","","","","","","","","","","","","","","","","","","","","","","","","","","","","","","","","","","","","","","","","","","","","","","","","","","カーメント","カーメント","カーメント","カーメント","カーメント","カーメント","カーメント","カーメント","カーメント","カーメント","カーメント","カーメント",,,,,,,,,,,,,"モグリュー","モグリュー","モグリュー","モグリュー","モグリュー","モグリュー","モグリュー","モグリュー","モグリュー","モグリュー","モグリュー","モグリュー",,,,,,,,,,,,,,,,,,,,,"","","","","","","","","","","","","","","","","","","","","","","","","","","","","","","","","","","","","","","","","","","","","","","","","","","","","","","","","","","","","","","","","","","","","","","","","","","","","","","","","","","","","","","","","","","","","","","","","","","","","","","","","","","","","","","","","","","","","","","","","","","","","","","","","","","","","","","","","",,,,,,,,,,,,,,,,,,,,,,,,,,,,,,,,,,,,,,,,,,,,,,,,,,,,,,,,
"砂漠の塔：地下１階","D04R3301","","","洞窟","10","","","","14","14","15","15","14","15","16","16","17","17","17","17","","","","","","","","","","","","","","","","","","","","","","","","","","","","","","","","","","","","","14","14","15","15","14","15","16","16","17","17","17","17","","","","","","","","","","","","","","","","","","","","","","","","","","","","","","","","","","","","","","","","","","","","","","","","","","","","","","","","","","","","","","","","","","","","","","","","","カーメント","カーメント","カーメント","カーメント","カーメント","カーメント","カーメント","カーメント","カーメント","カーメント","カーメント","カーメント",,,,,,,,,,,,,"モグリュー","モグリュー","モグリュー","モグリュー","モグリュー","モグリュー","モグリュー","モグリュー","モグリュー","モグリュー","モグリュー","モグリュー",,,,,,,,,,,,,,,,,,,,,"","","","","","","","","","","","","","","","","","","","","","","","","","","","","","","","","","","","","","","","","","","","","","","","","","","","","","","","","","","","","","","","","","","","","","","","","","","","","","","","","","","","","","","","","","","","","","","","","","","","","","","","","","","","","","","","","","","","","","","","","","","","","","","","","","","","","","","","","",,,,,,,,,,,,,,,,,,,,,,,,,,,,,,,,,,,,,,,,,,,,,,,,,,,,,,,,
"砂漠の塔：１階","D04R3401","","","洞窟","10","","","","14","14","15","15","14","15","16","16","17","17","17","17","","","","","","","","","","","","","","","","","","","","","","","","","","","","","","","","","","","","","14","14","15","15","14","15","16","16","17","17","17","17","","","","","","","","","","","","","","","","","","","","","","","","","","","","","","","","","","","","","","","","","","","","","","","","","","","","","","","","","","","","","","","","","","","","","","","","","カーメント","カーメント","カーメント","カーメント","カーメント","カーメント","カーメント","カーメント","カーメント","カーメント","カーメント","カーメント",,,,,,,,,,,,,"モグリュー","モグリュー","モグリュー","モグリュー","モグリュー","モグリュー","モグリュー","モグリュー","モグリュー","モグリュー","モグリュー","モグリュー",,,,,,,,,,,,,,,,,,,,,"","","","","","","","","","","","","","","","","","","","","","","","","","","","","","","","","","","","","","","","","","","","","","","","","","","","","","","","","","","","","","","","","","","","","","","","","","","","","","","","","","","","","","","","","","","","","","","","","","","","","","","","","","","","","","","","","","","","","","","","","","","","","","","","","","","","","","","","","",,,,,,,,,,,,,,,,,,,,,,,,,,,,,,,,,,,,,,,,,,,,,,,,,,,,,,,,
"冷凍コンテナ：外部","D05","","","なし","10","10","","","20","20","21","21","21","22","22","22","23","23","23","23","","","","","","","","","","","","","30","30","31","31","31","32","32","32","33","33","33","33","","","","","","","","","","","","","25","25","26","26","26","27","27","27","28","28","28","28","","","","","","","","","","","","","","","","","","","","","","","","","","","","","","","","","","","","","","","","","","","","","","","","","","","","","","","","","","","","","","","","","","","","","","","","","シロベア","シロベア","シロベア","シロベア","シロベア","シロベア","シロベア","シロベア","シロベア","シロベア","シロベア","シロベア","シロベア","シロベア","シロベア","シロベア","シロベア","シロベア","シロベア","シロベア","シロベア","シロベア","シロベア","シロベア","シャーベア","シャーベア","シャーベア","シャーベア","シャーベア","シャーベア","シャーベア","シャーベア","シャーベア","シャーベア","シャーベア","シャーベア",,,,,,,,,,,,,,,,,,,,,"","","","","","","","","","","","","","","","","","","","","","","","","","","","","","","","","","","","","","","","","","","","","","","","","","","","","","","","","","","","","","","","","","","","","","","","","","","","","","","","","","","","","","","","","","","","","","","","","","","","","","","","","","","","","","","","","","","","","","","","","","","","","","","","","","","","","","","","","",,,,,,,,,,,,,,,,,,,,,,,,,,,,,,,,,,,,,,,,,,,,,,,,,,,,,,,,
"電気洞窟１","D06R0101","","","洞窟","10","","","","24","24","25","25","25","26","26","26","27","27","27","27","","","","","","","","","","","","","","","","","","","","","","","","","","","","","","","","","","","","","24","24","25","25","25","26","26","26","27","27","27","27","","","","","","","","","","","","","","","","","","","","","","","","","","","","","","","","","","","","","","","","","","","","","","","","","","","","","","","","","","","","","","","","","","","","","","","","","デンダニ","ギアン","デンダニ","ギアン","トビッチュ","デンダニ","ギアン","トビッチュ","デンダニ","ギアン","デンダニ","ギアン",,,,,,,,,,,,,"モグリュー","モグリュー","モグリュー","モグリュー","モグリュー","モグリュー","モグリュー","モグリュー","モグリュー","モグリュー","モグリュー","モグリュー",,,,,,,,,,,,,,,,,,,,,"","","","","","","","","","","","","","","","","","","","","","","","","","","","","","","","","","","","","","","","","","","","","","","","","","","","","","","","","","","","","","","","","","","","","","","","","","","","","","","","","","","","","","","","","","","","","","","","","","","","","","","","","","","","","","","","","","","","","","","","","","","","","","","","","","","","","","","","","",,,,,,,,,,,,,,,,,,,,,,,,,,,,,,,,,,,,,,,,,,,,,,,,,,,,,,,,
"電気洞窟２","D06R0201","","","洞窟","10","","","","24","24","25","25","25","26","26","26","27","27","27","27","","","","","","","","","","","","","","","","","","","","","","","","","","","","","","","","","","","","","24","24","25","25","25","26","26","26","27","27","27","27","","","","","","","","","","","","","","","","","","","","","","","","","","","","","","","","","","","","","","","","","","","","","","","","","","","","","","","","","","","","","","","","","","","","","","","","","デンダニ","ギアン","デンダニ","ギアン","トビッチュ","デンダニ","ギアン","トビッチュ","デンダニ","ギアン","デンダニ","ギアン",,,,,,,,,,,,,"モグリュー","モグリュー","モグリュー","モグリュー","モグリュー","モグリュー","モグリュー","モグリュー","モグリュー","モグリュー","モグリュー","モグリュー",,,,,,,,,,,,,,,,,,,,,"","","","","","","","","","","","","","","","","","","","","","","","","","","","","","","","","","","","","","","","","","","","","","","","","","","","","","","","","","","","","","","","","","","","","","","","","","","","","","","","","","","","","","","","","","","","","","","","","","","","","","","","","","","","","","","","","","","","","","","","","","","","","","","","","","","","","","","","","",,,,,,,,,,,,,,,,,,,,,,,,,,,,,,,,,,,,,,,,,,,,,,,,,,,,,,,,
"電気洞窟３","D06R0301","","","洞窟","10","","","","24","24","25","25","25","26","26","26","27","27","27","27","","","","","","","","","","","","","","","","","","","","","","","","","","","","","","","","","","","","","24","24","25","25","25","26","26","26","27","27","27","27","","","","","","","","","","","","","","","","","","","","","","","","","","","","","","","","","","","","","","","","","","","","","","","","","","","","","","","","","","","","","","","","","","","","","","","","","デンダニ","ギアン","デンダニ","ギアン","トビッチュ","デンダニ","ギアン","トビッチュ","デンダニ","ギアン","デンダニ","ギアン",,,,,,,,,,,,,"モグリュー","モグリュー","モグリュー","モグリュー","モグリュー","モグリュー","モグリュー","モグリュー","モグリュー","モグリュー","モグリュー","モグリュー",,,,,,,,,,,,,,,,,,,,,"","","","","","","","","","","","","","","","","","","","","","","","","","","","","","","","","","","","","","","","","","","","","","","","","","","","","","","","","","","","","","","","","","","","","","","","","","","","","","","","","","","","","","","","","","","","","","","","","","","","","","","","","","","","","","","","","","","","","","","","","","","","","","","","","","","","","","","","","",,,,,,,,,,,,,,,,,,,,,,,,,,,,,,,,,,,,,,,,,,,,,,,,,,,,,,,,
"ネジ山：内部上層","D07R0201","","","洞窟","10","","","","28","28","29","29","29","30","30","30","30","31","31","31","","","","","","","","","","","","","","","","","","","","","","","","","","","","","","","","","","","","","28","28","29","29","29","30","30","30","31","31","31","31","","","","","","","","","","","","","","","","","","","","","","","","","","","","","","","","","","","","","","","","","","","","","","","","","","","","","","","","","","","","","","","","","","","","","","","","","シロベア","シロベア","シロベア","シロベア","シロベア","シロベア","シロベア","シロベア","シロベア","シロベア","シロベア","シロベア",,,,,,,,,,,,,"モグリュー","モグリュー","モグリュー","モグリュー","モグリュー","モグリュー","モグリュー","モグリュー","モグリュー","モグリュー","モグリュー","モグリュー",,,,,,,,,,,,,,,,,,,,,"","","","","","","","","","","","","","","","","","","","","","","","","","","","","","","","","","","","","","","","","","","","","","","","","","","","","","","","","","","","","","","","","","","","","","","","","","","","","","","","","","","","","","","","","","","","","","","","","","","","","","","","","","","","","","","","","","","","","","","","","","","","","","","","","","","","","","","","","",,,,,,,,,,,,,,,,,,,,,,,,,,,,,,,,,,,,,,,,,,,,,,,,,,,,,,,,
"ネジ山：内部中層","D07R0301","","","洞窟","10","","","","28","28","29","29","29","30","30","30","30","31","31","31","","","","","","","","","","","","","","","","","","","","","","","","","","","","","","","","","","","","","28","28","29","29","29","30","30","30","31","31","31","31","","","","","","","","","","","","","","","","","","","","","","","","","","","","","","","","","","","","","","","","","","","","","","","","","","","","","","","","","","","","","","","","","","","","","","","","","シロベア","シロベア","シロベア","シロベア","シロベア","シロベア","シロベア","シロベア","シロベア","シロベア","シロベア","シロベア",,,,,,,,,,,,,"モグリュー","モグリュー","モグリュー","モグリュー","モグリュー","モグリュー","モグリュー","モグリュー","モグリュー","モグリュー","モグリュー","モグリュー",,,,,,,,,,,,,,,,,,,,,"","","","","","","","","","","","","","","","","","","","","","","","","","","","","","","","","","","","","","","","","","","","","","","","","","","","","","","","","","","","","","","","","","","","","","","","","","","","","","","","","","","","","","","","","","","","","","","","","","","","","","","","","","","","","","","","","","","","","","","","","","","","","","","","","","","","","","","","","",,,,,,,,,,,,,,,,,,,,,,,,,,,,,,,,,,,,,,,,,,,,,,,,,,,,,,,,
"ネジ山：内部下層","D07R0401","","","洞窟","10","","","","28","28","29","29","29","30","30","30","30","31","31","31","","","","","","","","","","","","","","","","","","","","","","","","","","","","","","","","","","","","","28","28","29","29","29","30","30","30","31","31","31","31","","","","","","","","","","","","","","","","","","","","","","","","","","","","","","","","","","","","","","","","","","","","","","","","","","","","","","","","","","","","","","","","","","","","","","","","","シロベア","シロベア","シロベア","シロベア","シロベア","シロベア","シロベア","シロベア","シロベア","シロベア","シロベア","シロベア",,,,,,,,,,,,,"モグリュー","モグリュー","モグリュー","モグリュー","モグリュー","モグリュー","モグリュー","モグリュー","モグリュー","モグリュー","モグリュー","モグリュー",,,,,,,,,,,,,,,,,,,,,"","","","","","","","","","","","","","","","","","","","","","","","","","","","","","","","","","","","","","","","","","","","","","","","","","","","","","","","","","","","","","","","","","","","","","","","","","","","","","","","","","","","","","","","","","","","","","","","","","","","","","","","","","","","","","","","","","","","","","","","","","","","","","","","","","","","","","","","","",,,,,,,,,,,,,,,,,,,,,,,,,,,,,,,,,,,,,,,,,,,,,,,,,,,,,,,,
"ネジ山：内部最下層","D07R0501","","","洞窟","10","","","","28","28","29","29","29","30","30","30","30","31","31","31","","","","","","","","","","","","","","","","","","","","","","","","","","","","","","","","","","","","","28","28","29","29","29","30","30","30","31","31","31","31","","","","","","","","","","","","","","","","","","","","","","","","","","","","","","","","","","","","","","","","","","","","","","","","","","","","","","","","","","","","","","","","","","","","","","","","","シロベア","シロベア","シロベア","シロベア","シロベア","シロベア","シロベア","シロベア","シロベア","シロベア","シロベア","シロベア",,,,,,,,,,,,,"モグリュー","モグリュー","モグリュー","モグリュー","モグリュー","モグリュー","モグリュー","モグリュー","モグリュー","モグリュー","モグリュー","モグリュー",,,,,,,,,,,,,,,,,,,,,"","","","","","","","","","","","","","","","","","","","","","","","","","","","","","","","","","","","","","","","","","","","","","","","","","","","","","","","","","","","","","","","","","","","","","","","","","","","","","","","","","","","","","","","","","","","","","","","","","","","","","","","","","","","","","","","","","","","","","","","","","","","","","","","","","","","","","","","","",,,,,,,,,,,,,,,,,,,,,,,,,,,,,,,,,,,,,,,,,,,,,,,,,,,,,,,,
"リュウラセンの塔：外部","D08","","","なし","10","10","10","50","30","30","31","31","31","32","32","32","33","33","33","33","","","","","","","","","","","","","40","40","41","41","41","42","42","42","43","43","43","43","","","","","","","","","","","","","35","35","36","36","36","37","37","37","38","38","38","38","","","","","","","","","","","","","10","15","10","15","10","15","10","15","10","15","","","","","","10","20","10","20","10","20","10","20","10","20","","","","","","10","15","10","15","10","15","10","15","10","15","","","","","","10","20","10","20","10","20","10","20","10","20","","","","","","ハッチェ","ハッチェ","ハッチェ","ハッチェ","ハッチェ","ハッチェ","ハッチェ","ハッチェ","ハッチェ","ハッチェ","ハッチェ","ハッチェ","ハッチェ","ハッチェ","ハッチェ","ハッチェ","ハッチェ","ハッチェ","ハッチェ","ハッチェ","ハッチェ","ハッチェ","ハッチェ","ハッチェ","オノドン","オノドン","オノドン","オノドン","オノドン","オノドン","オノドン","オノドン","オノドン","オノドン","オノドン","オノドン","プルンス","プルンス","プルンス","プルンス","プルンス","ピンボー","ピンボー","ピンボー","ピンボー","ピンボー","プルンス","プルンス","プルンス","プルンス","プルンス","ピンボー","ピンボー","ピンボー","ピンボー","ピンボー","","","","","","","","","","","","","","","","","","","","","","","","","","","","","","","","","","","","","","","","","","","","","","","","","","","","","","","","","","","","","","","","","","","","","","","","","","","","","","","","","","","","","","","","","","","","","","","","","","","","","","","","","","","","","","","","","","","","","","","","","","","","","","","","","","","","","","","","","",,,,,,,,,,,,,,,,,,,,,,,,,,,,,,,,,,,,,,,,,,,,,,,,,,,,,,,,
"リュウラセンの塔：内部","D08R0101","","","なし","10","","","","30","30","31","31","31","32","32","32","33","33","33","33","","","","","","","","","","","","","","","","","","","","","","","","","","","","","","","","","","","","","","","","","","","","","","","","","","","","","","","","","","","","","","","","","","","","","","","","","","","","","","","","","","","","","","","","","","","","","","","","","","","","","","","","","","","","","","","","","","","","","","","","","ハッチェ","ハッチェ","ハッチェ","ハッチェ","ハッチェ","ハッチェ","ハッチェ","ハッチェ","ハッチェ","ハッチェ","ハッチェ","ハッチェ",,,,,,,,,,,,,,,,,,,,,,,,,,,,,,,,,,,,,,,,,,,,,"","","","","","","","","","","","","","","","","","","","","","","","","","","","","","","","","","","","","","","","","","","","","","","","","","","","","","","","","","","","","","","","","","","","","","","","","","","","","","","","","","","","","","","","","","","","","","","","","","","","","","","","","","","","","","","","","","","","","","","","","","","","","","","","","","","","","","","","","",,,,,,,,,,,,,,,,,,,,,,,,,,,,,,,,,,,,,,,,,,,,,,,,,,,,,,,,
"１番道路","R01","","","なし","10","","10","50","2","2","3","3","3","4","4","4","5","5","5","5","","","","","","","","","","","","","","","","","","","","","","","","","","","","","","","","","","","","","7","7","8","8","8","9","9","9","10","10","10","10","","","","","","","","","","","","","10","15","10","15","10","15","10","15","10","15","","","","","","10","20","10","20","10","20","10","20","10","20","","","","","","10","15","10","15","10","15","10","15","10","15","","","","","","10","20","10","20","10","20","10","20","10","20","","","","","","ミネズミ","ミネズミ","ミネズミ","ミネズミ","ミネズミ","ミネズミ","ミネズミ","ミネズミ","ミネズミ","ミネズミ","ミネズミ","ミネズミ",,,,,,,,,,,,,"ミルホッグ","ミルホッグ","ミルホッグ","ミルホッグ","ミルホッグ","ミルホッグ","ミルホッグ","ミルホッグ","ミルホッグ","ミルホッグ","ミルホッグ","ミルホッグ","プルンス","プルンス","プルンス","プルンス","プルンス","ピンボー","ピンボー","ピンボー","ピンボー","ピンボー","プルンス","プルンス","プルンス","プルンス","プルンス","ピンボー","ピンボー","ピンボー","ピンボー","ピンボー","","","","","","","","","","","","","","","","","","","","","","","","","","","","","","","","","","","","","","","","","","","","","","","","","","","","","","","","","","","","","","","","","","","","","","","","","","","","","","","","","","","","","","","","","","","","","","","","","","","","","","","","","","","","","","","","","","","","","","","","","","","","","","","","","","","","","","","","","",,,,,,,,,,,,,,,,,,,,,,,,,,,,,,,,,,,,,,,,,,,,,,,,,,,,,,,,
"２番道路","R02","","","なし","10","","","","4","4","5","5","5","6","6","6","7","7","7","7","","","","","","","","","","","","","","","","","","","","","","","","","","","","","","","","","","","","","9","9","10","10","10","11","11","11","12","12","12","12","","","","","","","","","","","","","","","","","","","","","","","","","","","","","","","","","","","","","","","","","","","","","","","","","","","","","","","","","","","","","","","","","","","","","","","","","ミネズミ","ノラコ","ミネズミ","ミネズミ","ノラコ","ミネズミ","ミネズミ","ノラコ","ミネズミ","ノラコ","ミネズミ","ノラコ",,,,,,,,,,,,,"ミルホッグ","ノラニャー","ミルホッグ","ミルホッグ","ノラニャー","ミルホッグ","ミルホッグ","ノラニャー","ミルホッグ","ノラニャー","ミルホッグ","ノラニャー",,,,,,,,,,,,,,,,,,,,,"","","","","","","","","","","","","","","","","","","","","","","","","","","","","","","","","","","","","","","","","","","","","","","","","","","","","","","","","","","","","","","","","","","","","","","","","","","","","","","","","","","","","","","","","","","","","","","","","","","","","","","","","","","","","","","","","","","","","","","","","","","","","","","","","","","","","","","","","",,,,,,,,,,,,,,,,,,,,,,,,,,,,,,,,,,,,,,,,,,,,,,,,,,,,,,,,
"３番道路","R03","","","なし","10","10","10","50","8","8","9","9","9","10","10","10","11","11","11","11","","","","","","","","","","","","","18","18","19","19","19","20","20","20","21","21","21","21","","","","","","","","","","","","","13","13","14","14","14","15","15","15","16","16","16","16","","","","","","","","","","","","","10","15","10","15","10","15","10","15","10","15","","","","","","10","20","10","20","10","20","10","20","10","20","","","","","","10","15","10","15","10","15","10","15","10","15","","","","","","10","20","10","20","10","20","10","20","10","20","","","","","","マメパト","ライブラ","マメパト","ミネズミ","ライブラ","マメパト","ミネズミ","ライブラ","ライブラ","マメパト","ライブラ","マメパト","マメパト","ライブラ","マメパト","ミネズミ","ライブラ","マメパト","ミネズミ","ライブラ","ライブラ","マメパト","ライブラ","マメパト","ハトーボー","ライブラス","ハトーボー","ミルホッグ","ライブラス","ハトーボー","ミルホッグ","ライブラス","ライブラス","ハトーボー","ライブラス","ハトーボー","プルンス","プルンス","プルンス","プルンス","プルンス","ピンボー","ピンボー","ピンボー","ピンボー","ピンボー","プルンス","プルンス","プルンス","プルンス","プルンス","ピンボー","ピンボー","ピンボー","ピンボー","ピンボー","","","","","","","","","","","","","","","","","","","","","","","","","","","","","","","","","","","","","","","","","","","","","","","","","","","","","","","","","","","","","","","","","","","","","","","","","","","","","","","","","","","","","","","","","","","","","","","","","","","","","","","","","","","","","","","","","","","","","","","","","","","","","","","","","","","","","","","","","",,,,,,,,,,,,,,,,,,,,,,,,,,,,,,,,,,,,,,,,,,,,,,,,,,,,,,,,
"３番道路：洞窟１階","R03R0301","","","洞窟","10","","","","10","10","11","11","11","12","12","12","13","13","13","13","","","","","","","","","","","","","","","","","","","","","","","","","","","","","","","","","","","","","10","10","11","11","11","12","12","12","13","13","13","13","","","","","","","","","","","","","","","","","","","","","","","","","","","","","","","","","","","","","","","","","","","","","","","","","","","","","","","","","","","","","","","","","","","","","","","","","コロモリ","モグリュー","コロモリ","コロモリ","モグリュー","コロモリ","コロモリ","モグリュー","コロモリ","モグリュー","コロモリ","コロモリ",,,,,,,,,,,,,"モグリュー","モグリュー","モグリュー","モグリュー","モグリュー","モグリュー","モグリュー","モグリュー","モグリュー","モグリュー","モグリュー","モグリュー",,,,,,,,,,,,,,,,,,,,,"","","","","","","","","","","","","","","","","","","","","","","","","","","","","","","","","","","","","","","","","","","","","","","","","","","","","","","","","","","","","","","","","","","","","","","","","","","","","","","","","","","","","","","","","","","","","","","","","","","","","","","","","","","","","","","","","","","","","","","","","","","","","","","","","","","","","","","","","",,,,,,,,,,,,,,,,,,,,,,,,,,,,,,,,,,,,,,,,,,,,,,,,,,,,,,,,
"３番道路：洞窟地下１階","R03R0302","","","洞窟","10","","","","10","10","11","11","11","12","12","12","13","13","13","13","","","","","","","","","","","","","","","","","","","","","","","","","","","","","","","","","","","","","10","10","11","11","11","12","12","12","13","13","13","13","","","","","","","","","","","","","","","","","","","","","","","","","","","","","","","","","","","","","","","","","","","","","","","","","","","","","","","","","","","","","","","","","","","","","","","","","コロモリ","モグリュー","コロモリ","コロモリ","モグリュー","コロモリ","コロモリ","モグリュー","コロモリ","モグリュー","コロモリ","コロモリ",,,,,,,,,,,,,"モグリュー","モグリュー","モグリュー","モグリュー","モグリュー","モグリュー","モグリュー","モグリュー","モグリュー","モグリュー","モグリュー","モグリュー",,,,,,,,,,,,,,,,,,,,,"","","","","","","","","","","","","","","","","","","","","","","","","","","","","","","","","","","","","","","","","","","","","","","","","","","","","","","","","","","","","","","","","","","","","","","","","","","","","","","","","","","","","","","","","","","","","","","","","","","","","","","","","","","","","","","","","","","","","","","","","","","","","","","","","","","","","","","","","",,,,,,,,,,,,,,,,,,,,,,,,,,,,,,,,,,,,,,,,,,,,,,,,,,,,,,,,
"４番道路","R04","","","","10","","10","50","14","14","15","15","15","16","16","16","17","17","17","17","","","","","","","","","","","","","","","","","","","","","","","","","","","","","","","","","","","","","","","","","","","","","","","","","","","","","","","","","","","","","10","15","10","15","10","15","10","15","10","15","","","","","","10","20","10","20","10","20","10","20","10","20","","","","","","10","15","10","15","10","15","10","15","10","15","","","","","","10","20","10","20","10","20","10","20","10","20","","","","","","メグロコ","ヒダルマ","メグロコ","メグロコ","ヒダルマ","メグロコ","メグロコ","ヒダルマ","メグロコ","ヒダルマ","メグロコ","ヒダルマ",,,,,,,,,,,,,,,,,,,,,,,,,"プルンス","プルンス","プルンス","プルンス","プルンス","ピンボー","ピンボー","ピンボー","ピンボー","ピンボー","プルンス","プルンス","プルンス","プルンス","プルンス","ピンボー","ピンボー","ピンボー","ピンボー","ピンボー","","","","","","","","","","","","","","","","","","","","","","","","","","","","","","","","","","","","","","","","","","","","","","","","","","","","","","","","","","","","","","","","","","","","","","","","","","","","","","","","","","","","","","","","","","","","","","","","","","","","","","","","","","","","","","","","","","","","","","","","","","","","","","","","","","","","","","","","","",,,,,,,,,,,,,,,,,,,,,,,,,,,,,,,,,,,,,,,,,,,,,,,,,,,,,,,,
"５番道路","R05","","","なし","10","10","","","18","18","19","19","19","20","20","20","21","21","21","21","","","","","","","","","","","","","28","28","29","29","29","30","30","30","31","31","31","31","","","","","","","","","","","","","23","23","24","24","24","25","25","25","26","26","26","26","","","","","","","","","","","","","","","","","","","","","","","","","","","","","","","","","","","","","","","","","","","","","","","","","","","","","","","","","","","","","","","","","","","","","","","","","チラーミィ","モンメン","チラーミィ","モンメン","ワンラン","チラーミィ","モンメン","ワンラン","チラーミィ","モンメン","チラーミィ","モンメン","チラーミィ","モンメン","チラーミィ","モンメン","ワンラン","チラーミィ","モンメン","ワンラン","チラーミィ","モンメン","チラーミィ","モンメン","チラチーノ","エルフーン","チラチーノ","エルフーン","ツーラン","チラチーノ","エルフーン","ツーラン","チラチーノ","エルフーン","チラチーノ","エルフーン",,,,,,,,,,,,,,,,,,,,,"","","","","","","","","","","","","","","","","","","","","","","","","","","","","","","","","","","","","","","","","","","","","","","","","","","","","","","","","","","","","","","","","","","","","","","","","","","","","","","","","","","","","","","","","","","","","","","","","","","","","","","","","","","","","","","","","","","","","","","","","","","","","","","","","","","","","","","","","",,,,,,,,,,,,,,,,,,,,,,,,,,,,,,,,,,,,,,,,,,,,,,,,,,,,,,,,
"６番道路","R06","","","なし","10","10","10","50","22","23","23","24","23","24","24","24","25","25","25","25","","","","","","","","","","","","","32","33","33","34","33","34","34","34","35","35","35","35","","","","","","","","","","","","","27","28","28","29","28","29","29","29","30","30","30","30","","","","","","","","","","","","","10","15","10","15","10","15","10","15","10","15","","","","","","10","20","10","20","10","20","10","20","10","20","","","","","","10","15","10","15","10","15","10","15","10","15","","","","","","10","20","10","20","10","20","10","20","10","20","","","","","","バンビーナ","ミルホッグ","バンビーナ","ミルホッグ","カブリン","バンビーナ","カブリン","ハッチェ","バンビーナ","ハッチェ","バンビーナ","ハッチェ","バンビーナ","ミルホッグ","バンビーナ","ミルホッグ","カブリン","バンビーナ","カブリン","ハッチェ","バンビーナ","ハッチェ","バンビーナ","ハッチェ","シキジカ","ミルホッグ","シキジカ","ミルホッグ","カブリオン","シキジカ","カブリオン","オノドン","シキジカ","オノドン","シキジカ","オノドン","プルンス","プルンス","プルンス","プルンス","プルンス","ピンボー","ピンボー","ピンボー","ピンボー","ピンボー","プルンス","プルンス","プルンス","プルンス","プルンス","ピンボー","ピンボー","ピンボー","ピンボー","ピンボー","","","","","","","","","","","","","","","","","","","","","","","","","","","","","","","","","","","","","","","","","","","","","","","","","","","","","","","","","","","","","","","","","","","","","","","","","","","","","","","","","","","","","","","","","","","","","","","","","","","","","","","","","","","","","","","","","","","","","","","","","","","","","","","","","","","","","","","","","",,,,,,,,,,,,,,,,,,,,,,,,,,,,,,,,,,,,,,,,,,,,,,,,,,,,,,,,
"６番道路：洞窟１階","R06R0201","","","洞窟","10","","","","22","22","23","23","23","24","24","24","25","25","25","25","","","","","","","","","","","","","","","","","","","","","","","","","","","","","","","","","","","","","22","22","23","23","23","24","24","24","25","25","25","25","","","","","","","","","","","","","","","","","","","","","","","","","","","","","","","","","","","","","","","","","","","","","","","","","","","","","","","","","","","","","","","","","","","","","","","","","コロモリ","モグリュー","コロモリ","コロモリ","モグリュー","コロモリ","コロモリ","モグリュー","コロモリ","モグリュー","コロモリ","コロモリ",,,,,,,,,,,,,"モグリュー","モグリュー","モグリュー","モグリュー","モグリュー","モグリュー","モグリュー","モグリュー","モグリュー","モグリュー","モグリュー","モグリュー",,,,,,,,,,,,,,,,,,,,,"","","","","","","","","","","","","","","","","","","","","","","","","","","","","","","","","","","","","","","","","","","","","","","","","","","","","","","","","","","","","","","","","","","","","","","","","","","","","","","","","","","","","","","","","","","","","","","","","","","","","","","","","","","","","","","","","","","","","","","","","","","","","","","","","","","","","","","","","",,,,,,,,,,,,,,,,,,,,,,,,,,,,,,,,,,,,,,,,,,,,,,,,,,,,,,,,
"６番道路：洞窟地下１階","R06R0202","","","洞窟","10","","","","22","22","23","23","23","24","24","24","25","25","25","25","","","","","","","","","","","","","","","","","","","","","","","","","","","","","","","","","","","","","22","22","23","23","23","24","24","24","25","25","25","25","","","","","","","","","","","","","","","","","","","","","","","","","","","","","","","","","","","","","","","","","","","","","","","","","","","","","","","","","","","","","","","","","","","","","","","","","コロモリ","モグリュー","コロモリ","コロモリ","モグリュー","コロモリ","コロモリ","モグリュー","コロモリ","モグリュー","コロモリ","コロモリ",,,,,,,,,,,,,"モグリュー","モグリュー","モグリュー","モグリュー","モグリュー","モグリュー","モグリュー","モグリュー","モグリュー","モグリュー","モグリュー","モグリュー",,,,,,,,,,,,,,,,,,,,,"","","","","","","","","","","","","","","","","","","","","","","","","","","","","","","","","","","","","","","","","","","","","","","","","","","","","","","","","","","","","","","","","","","","","","","","","","","","","","","","","","","","","","","","","","","","","","","","","","","","","","","","","","","","","","","","","","","","","","","","","","","","","","","","","","","","","","","","","",,,,,,,,,,,,,,,,,,,,,,,,,,,,,,,,,,,,,,,,,,,,,,,,,,,,,,,,
"６番道路：洞窟地下２階","R06R0203","","","洞窟","10","","","","22","22","23","23","23","24","24","24","25","25","25","25","","","","","","","","","","","","","","","","","","","","","","","","","","","","","","","","","","","","","22","22","23","23","23","24","24","24","25","25","25","25","","","","","","","","","","","","","","","","","","","","","","","","","","","","","","","","","","","","","","","","","","","","","","","","","","","","","","","","","","","","","","","","","","","","","","","","","コロモリ","モグリュー","コロモリ","コロモリ","モグリュー","コロモリ","コロモリ","モグリュー","コロモリ","モグリュー","コロモリ","コロモリ",,,,,,,,,,,,,"モグリュー","モグリュー","モグリュー","モグリュー","モグリュー","モグリュー","モグリュー","モグリュー","モグリュー","モグリュー","モグリュー","モグリュー",,,,,,,,,,,,,,,,,,,,,"","","","","","","","","","","","","","","","","","","","","","","","","","","","","","","","","","","","","","","","","","","","","","","","","","","","","","","","","","","","","","","","","","","","","","","","","","","","","","","","","","","","","","","","","","","","","","","","","","","","","","","","","","","","","","","","","","","","","","","","","","","","","","","","","","","","","","","","","",,,,,,,,,,,,,,,,,,,,,,,,,,,,,,,,,,,,,,,,,,,,,,,,,,,,,,,,
"７番道路","R07","","","なし","10","10","10","50","26","26","27","27","27","28","28","28","29","29","29","29","","","","","","","","","","","","","36","36","37","37","37","38","38","8","39","39","39","39","","","","","","","","","","","","","31","31","32","32","32","32","32","32","34","34","34","34","","","","","","","","","","","","","10","15","10","15","10","15","10","15","10","15","","","","","","10","20","10","20","10","20","10","20","10","20","","","","","","10","15","10","15","10","15","10","15","10","15","","","","","","10","20","10","20","10","20","10","20","10","20","","","","","","ミルホッグ","ゾロア","ミルホッグ","ミルホッグ","ゾロア","ミルホッグ","ミルホッグ","ゾロア","ミルホッグ","ゾロア","ミルホッグ","ゾロア","ミルホッグ","ゾロア","ミルホッグ","ミルホッグ","ゾロア","ミルホッグ","ミルホッグ","ゾロア","ミルホッグ","ゾロア","ミルホッグ","ゾロア","ミルホッグ","ゾロアーク","ミルホッグ","ミルホッグ","ゾロアーク","ミルホッグ","ミルホッグ","ゾロアーク","ミルホッグ","ゾロアーク","ミルホッグ","ゾロアーク","プルンス","プルンス","プルンス","プルンス","プルンス","ピンボー","ピンボー","ピンボー","ピンボー","ピンボー","プルンス","プルンス","プルンス","プルンス","プルンス","ピンボー","ピンボー","ピンボー","ピンボー","ピンボー","","","","","","","","","","","","","","","","","","","","","","","","","","","","","","","","","","","","","","","","","","","","","","","","","","","","","","","","","","","","","","","","","","","","","","","","","","","","","","","","","","","","","","","","","","","","","","","","","","","","","","","","","","","","","","","","","","","","","","","","","","","","","","","","","","","","","","","","","",,,,,,,,,,,,,,,,,,,,,,,,,,,,,,,,,,,,,,,,,,,,,,,,,,,,,,,,
"８番道路","R08","","","なし","10","","","","30","30","31","31","31","32","32","32","33","33","33","33","","","","","","","","","","","","","","","","","","","","","","","","","","","","","","","","","","","","","","","","","","","","","","","","","","","","","","","","","","","","","","","","","","","","","","","","","","","","","","","","","","","","","","","","","","","","","","","","","","","","","","","","","","","","","","","","","","","","","","","","","タニス","カッチュ","タニス","タニス","カッチュ","タニス","タニス","カッチュ","タニス","カッチュ","タニス","カッチュ",,,,,,,,,,,,,,,,,,,,,,,,,,,,,,,,,,,,,,,,,,,,,"","","","","","","","","","","","","","","","","","","","","","","","","","","","","","","","","","","","","","","","","","","","","","","","","","","","","","","","","","","","","","","","","","","","","","","","","","","","","","","","","","","","","","","","","","","","","","","","","","","","","","","","","","","","","","","","","","","","","","","","","","","","","","","","","","","","","","","","","",,,,,,,,,,,,,,,,,,,,,,,,,,,,,,,,,,,,,,,,,,,,,,,,,,,,,,,,
"９番道路","R09","","","なし","10","10","","","32","32","33","33","33","34","34","34","35","35","35","35","","","","","","","","","","","","","42","42","43","43","43","44","44","44","45","45","45","45","","","","","","","","","","","","","37","37","38","38","38","39","39","39","40","40","40","40","","","","","","","","","","","","","","","","","","","","","","","","","","","","","","","","","","","","","","","","","","","","","","","","","","","","","","","","","","","","","","","","","","","","","","","","","ソダイゴン","ノラニャー","ソダイゴン","ソダイゴン","ノラニャー","ソダイゴン","ソダイゴン","ノラニャー","ソダイゴン","ノラニャー","ソダイゴン","ノラニャー","ソダイゴン","ノラニャー","ソダイゴン","ソダイゴン","ノラニャー","ソダイゴン","ソダイゴン","ノラニャー","ソダイゴン","ノラニャー","ソダイゴン","ノラニャー","オーブッツ","ノラニャー","オーブッツ","オーブッツ","ノラニャー","ソダイゴン","オーブッツ","ノラニャー","オーブッツ","ノラニャー","オーブッツ","ノラニャー",,,,,,,,,,,,,,,,,,,,,"","","","","","","","","","","","","","","","","","","","","","","","","","","","","","","","","","","","","","","","","","","","","","","","","","","","","","","","","","","","","","","","","","","","","","","","","","","","","","","","","","","","","","","","","","","","","","","","","","","","","","","","","","","","","","","","","","","","","","","","","","","","","","","","","","","","","","","","","",,,,,,,,,,,,,,,,,,,,,,,,,,,,,,,,,,,,,,,,,,,,,,,,,,,,,,,,
"９番道路：洞窟１階","R09R0301","","","洞窟","10","","","","32","32","33","33","33","34","34","34","35","35","35","35","","","","","","","","","","","","","","","","","","","","","","","","","","","","","","","","","","","","","32","32","33","33","33","34","34","34","35","35","35","35","","","","","","","","","","","","","","","","","","","","","","","","","","","","","","","","","","","","","","","","","","","","","","","","","","","","","","","","","","","","","","","","","","","","","","","","","コロモリ","モグリュー","コロモリ","コロモリ","モグリュー","コロモリ","コロモリ","モグリュー","コロモリ","モグリュー","コロモリ","コロモリ",,,,,,,,,,,,,"モグリュー","モグリュー","モグリュー","モグリュー","モグリュー","モグリュー","モグリュー","モグリュー","モグリュー","モグリュー","モグリュー","モグリュー",,,,,,,,,,,,,,,,,,,,,"","","","","","","","","","","","","","","","","","","","","","","","","","","","","","","","","","","","","","","","","","","","","","","","","","","","","","","","","","","","","","","","","","","","","","","","","","","","","","","","","","","","","","","","","","","","","","","","","","","","","","","","","","","","","","","","","","","","","","","","","","","","","","","","","","","","","","","","","",,,,,,,,,,,,,,,,,,,,,,,,,,,,,,,,,,,,,,,,,,,,,,,,,,,,,,,,
"９番道路：洞窟地下１階","R09R0302","","","洞窟","10","","","","32","32","33","33","33","34","34","34","35","35","35","35","","","","","","","","","","","","","","","","","","","","","","","","","","","","","","","","","","","","","32","32","33","33","33","34","34","34","35","35","35","35","","","","","","","","","","","","","","","","","","","","","","","","","","","","","","","","","","","","","","","","","","","","","","","","","","","","","","","","","","","","","","","","","","","","","","","","","コロモリ","モグリュー","コロモリ","コロモリ","モグリュー","コロモリ","コロモリ","モグリュー","コロモリ","モグリュー","コロモリ","コロモリ",,,,,,,,,,,,,"モグリュー","モグリュー","モグリュー","モグリュー","モグリュー","モグリュー","モグリュー","モグリュー","モグリュー","モグリュー","モグリュー","モグリュー",,,,,,,,,,,,,,,,,,,,,"","","","","","","","","","","","","","","","","","","","","","","","","","","","","","","","","","","","","","","","","","","","","","","","","","","","","","","","","","","","","","","","","","","","","","","","","","","","","","","","","","","","","","","","","","","","","","","","","","","","","","","","","","","","","","","","","","","","","","","","","","","","","","","","","","","","","","","","","",,,,,,,,,,,,,,,,,,,,,,,,,,,,,,,,,,,,,,,,,,,,,,,,,,,,,,,,
"９番道路：洞窟地下２階","R09R0303","","","洞窟","10","","","","32","32","33","33","33","34","34","34","35","35","35","35","","","","","","","","","","","","","","","","","","","","","","","","","","","","","","","","","","","","","32","32","33","33","33","34","34","34","35","35","35","35","","","","","","","","","","","","","","","","","","","","","","","","","","","","","","","","","","","","","","","","","","","","","","","","","","","","","","","","","","","","","","","","","","","","","","","","","コロモリ","モグリュー","コロモリ","コロモリ","モグリュー","コロモリ","コロモリ","モグリュー","コロモリ","モグリュー","コロモリ","コロモリ",,,,,,,,,,,,,"モグリュー","モグリュー","モグリュー","モグリュー","モグリュー","モグリュー","モグリュー","モグリュー","モグリュー","モグリュー","モグリュー","モグリュー",,,,,,,,,,,,,,,,,,,,,"","","","","","","","","","","","","","","","","","","","","","","","","","","","","","","","","","","","","","","","","","","","","","","","","","","","","","","","","","","","","","","","","","","","","","","","","","","","","","","","","","","","","","","","","","","","","","","","","","","","","","","","","","","","","","","","","","","","","","","","","","","","","","","","","","","","","","","","","",,,,,,,,,,,,,,,,,,,,,,,,,,,,,,,,,,,,,,,,,,,,,,,,,,,,,,,,
"１０番道路","R10","","","なし","10","10","10","50","34","34","35","35","35","36","36","36","37","37","37","37","","","","","","","","","","","","","44","44","45","45","45","46","46","46","47","47","47","47","","","","","","","","","","","","","39","39","40","40","40","41","41","41","42","42","42","42","","","","","","","","","","","","","10","15","10","15","10","15","10","15","10","15","","","","","","10","20","10","20","10","20","10","20","10","20","","","","","","10","15","10","15","10","15","10","15","10","15","","","","","","10","20","10","20","10","20","10","20","10","20","","","","","","イーグラ","バッフロー","イーグラ","イーグラ","バッフロー","イーグラ","イーグラ","バッフロー","イーグラ","バッフロー","イーグラ","バッフロー","イーグラ","バッフロー","イーグラ","イーグラ","バッフロー","イーグラ","イーグラ","バッフロー","イーグラ","バッフロー","イーグラ","バッフロー","イーグラン","バッフロー","イーグラン","イーグラン","バッフロー","イーグラン","イーグラン","バッフロー","ミルホッグ","バッフロー","ミルホッグ","バッフロー","プルンス","プルンス","プルンス","プルンス","プルンス","ピンボー","ピンボー","ピンボー","ピンボー","ピンボー","プルンス","プルンス","プルンス","プルンス","プルンス","ピンボー","ピンボー","ピンボー","ピンボー","ピンボー","","","","","","","","","","","","","","","","","","","","","","","","","","","","","","","","","","","","","","","","","","","","","","","","","","","","","","","","","","","","","","","","","","","","","","","","","","","","","","","","","","","","","","","","","","","","","","","","","","","","","","","","","","","","","","","","","","","","","","","","","","","","","","","","","","","","","","","","","",,,,,,,,,,,,,,,,,,,,,,,,,,,,,,,,,,,,,,,,,,,,,,,,,,,,,,,,
